ds,y,yhat_prophet,train
2015-07-02,93.135,88.90550750905479,True
2015-07-03,84.486,84.12169120777556,True
2015-07-04,74.337,73.43267779036839,True
2015-07-05,70.692,68.68349916354398,True
2015-07-06,79.813,77.46458504338077,True
2015-07-07,80.487,79.61713326048763,True
2015-07-08,77.819,79.87509312997352,True
2015-07-09,77.551,79.8640166539626,True
2015-07-10,77.618,79.14632926630769,True
2015-07-11,74.188,76.27313855554826,True
2015-07-12,74.887,77.7361745905535,True
2015-07-13,87.895,88.6773870905302,True
2015-07-14,87.634,88.00291292642133,True
2015-07-15,86.326,86.67189906544893,True
2015-07-16,87.533,87.36332005459981,True
2015-07-17,87.836,89.35375472467292,True
2015-07-18,74.173,79.73124029687058,True
2015-07-19,85.076,86.51578755690608,True
2015-07-20,97.677,95.10241726610194,True
2015-07-21,92.393,91.36847069011391,True
2015-07-22,90.692,91.37905517207406,True
2015-07-23,89.53,91.5823207809491,True
2015-07-24,94.053,95.56842923697623,True
2015-07-25,88.759,90.59245233001185,True
2015-07-26,82.274,84.21089422404695,True
2015-07-27,89.502,90.09579971334072,True
2015-07-28,92.792,93.87786649004839,True
2015-07-29,93.37,93.59240917385677,True
2015-07-30,96.77,97.34696003668742,True
2015-07-31,98.945,97.55178391748561,True
2015-08-01,87.918,86.47543291070083,True
2015-08-02,84.104,85.40719169730362,True
2015-08-03,94.237,94.09436566027341,True
2015-08-04,97.204,99.613200926047,True
2015-08-05,100.933,102.54283458565567,True
2015-08-06,96.685,97.32234281977262,True
2015-08-07,89.672,88.86230432322459,True
2015-08-08,79.891,82.39565971638217,True
2015-08-09,74.317,77.01179033566822,True
2015-08-10,83.264,85.32999167746387,True
2015-08-11,85.327,88.13117366804816,True
2015-08-12,92.133,98.75859434515951,True
2015-08-13,101.398,105.08242946198591,True
2015-08-14,106.463,106.59395322657306,True
2015-08-15,103.021,102.76014354842441,True
2015-08-16,100.209,97.97281381452615,True
2015-08-17,105.693,95.67993248487892,True
2015-08-18,97.438,92.69350098404239,True
2015-08-19,93.175,90.79896302067021,True
2015-08-20,90.937,90.02701300727767,True
2015-08-21,88.052,89.40083086716176,True
2015-08-22,83.049,84.98434860026929,True
2015-08-23,83.626,85.26718542292552,True
2015-08-24,98.877,96.95143801545939,True
2015-08-25,97.07,98.99044776172234,True
2015-08-26,107.077,104.95791562829243,True
2015-08-27,110.321,105.80800181875523,True
2015-08-28,113.526,108.13153208071506,True
2015-08-29,104.65,100.0394217701292,True
2015-08-30,97.098,91.85063445241683,True
2015-08-31,98.624,94.84983429245757,True
2015-09-01,93.05,93.3642974531331,True
2015-09-02,90.007,92.1546558982692,True
2015-09-03,85.189,89.89504702050112,True
2015-09-04,82.032,89.94389260917725,True
2015-09-05,76.881,85.49727431107576,True
2015-09-06,78.319,88.98033701990424,True
2015-09-07,90.777,104.54830433635745,True
2015-09-08,112.522,111.26208849107121,True
2015-09-09,123.748,115.66487448240957,True
2015-09-10,122.058,111.46248191815987,True
2015-09-11,117.805,108.36712294683977,True
2015-09-12,99.143,98.61517821899345,True
2015-09-13,96.2,92.60414665842956,True
2015-09-14,99.284,93.69088226865765,True
2015-09-15,94.864,91.8039415582849,True
2015-09-16,86.414,88.48610945698918,True
2015-09-17,86.177,89.55627193512092,True
2015-09-18,90.733,95.08245826869437,True
2015-09-19,90.884,93.2850631448926,True
2015-09-20,98.984,98.55842694296243,True
2015-09-21,104.33,97.11150723160354,True
2015-09-22,97.976,93.26416407729492,True
2015-09-23,98.115,95.67745679941096,True
2015-09-24,103.324,99.20724968611538,True
2015-09-25,105.513,99.90125127704208,True
2015-09-26,98.855,93.70419569206086,True
2015-09-27,89.861,87.87342394944551,True
2015-09-28,97.4,93.5544367965432,True
2015-09-29,92.544,91.58751059505771,True
2015-09-30,94.892,94.95733841994067,True
2015-10-01,92.659,91.89371424683263,True
2015-10-02,89.198,87.95095256048353,True
2015-10-03,79.623,79.70206042919018,True
2015-10-04,69.234,69.26527585146009,True
2015-10-05,77.994,78.3882630983348,True
2015-10-06,79.901,81.61690564923258,True
2015-10-07,85.015,86.98538694632255,True
2015-10-08,94.054,96.20150439749992,True
2015-10-09,105.436,104.61733798378725,True
2015-10-10,100.429,95.78418576922677,True
2015-10-11,96.806,92.76169753292417,True
2015-10-12,106.473,100.03263092243833,True
2015-10-13,111.076,98.95587814818285,True
2015-10-14,103.268,94.70396522035873,True
2015-10-15,97.771,88.82764611955439,True
2015-10-16,88.688,85.06362103451163,True
2015-10-17,83.489,81.52209780230054,True
2015-10-18,76.161,75.64760506263609,True
2015-10-19,80.757,82.08760027921755,True
2015-10-20,80.061,84.55033529957161,True
2015-10-21,82.799,90.57751445329801,True
2015-10-22,82.196,82.88161769341909,True
2015-10-23,82.632,86.01357146681828,True
2015-10-24,75.933,81.38913665836391,True
2015-10-25,70.584,72.39473417581766,True
2015-10-26,81.681,81.73527952377827,True
2015-10-27,78.807,81.26179847864994,True
2015-10-28,80.981,83.19152311805689,True
2015-10-29,79.848,82.83447248146202,True
2015-10-30,79.736,86.27397490443155,True
2015-10-31,73.878,76.86139328948835,True
2015-11-01,72.912,71.56671642241872,True
2015-11-02,75.644,71.17406733296878,True
2015-11-03,71.179,72.50608775114964,True
2015-11-04,71.276,74.23604308991564,True
2015-11-05,72.086,74.13038517264617,True
2015-11-06,72.513,76.12091499000724,True
2015-11-07,66.685,69.72015697639893,True
2015-11-08,64.257,65.34384114914188,True
2015-11-09,72.65,69.07483810685095,True
2015-11-10,72.85,72.72339399774907,True
2015-11-11,72.561,75.70792510481955,True
2015-11-12,73.946,76.8637212142272,True
2015-11-13,73.258,76.9572311730419,True
2015-11-14,67.087,68.35764928749579,True
2015-11-15,64.655,62.115119022298586,True
2015-11-16,73.596,70.52176522786922,True
2015-11-17,74.622,73.1600430779206,True
2015-11-18,74.667,75.41496234860517,True
2015-11-19,75.111,76.4534216447941,True
2015-11-20,75.973,76.82125292381019,True
2015-11-21,70.356,71.316902868265,True
2015-11-22,67.115,66.4300676436269,True
2015-11-23,74.041,73.07666241057943,True
2015-11-24,73.15,70.5485280319076,True
2015-11-25,71.81,71.22601231397732,True
2015-11-26,64.633,72.75325573244379,True
2015-11-27,66.538,71.91292500627861,True
2015-11-28,66.396,66.1555642127462,True
2015-11-29,65.385,63.591766392058474,True
2015-11-30,75.318,74.90624244570547,True
2015-12-01,75.733,76.91068430640152,True
2015-12-02,75.729,76.04282954744032,True
2015-12-03,74.603,74.06930948884155,True
2015-12-04,74.894,73.66601787094028,True
2015-12-05,68.412,70.07906051123041,True
2015-12-06,65.548,65.52423463695445,True
2015-12-07,74.993,77.94090718662491,True
2015-12-08,75.982,77.81839684709384,True
2015-12-09,74.663,74.99972444727482,True
2015-12-10,74.095,71.50480462394577,True
2015-12-11,73.645,71.70966286830757,True
2015-12-12,68.767,65.28859759249873,True
2015-12-13,66.657,65.95029497831942,True
2015-12-14,76.555,76.95840175554197,True
2015-12-15,78.41,77.97986941593105,True
2015-12-16,79.091,80.09329433064542,True
2015-12-17,78.931,78.67587159004567,True
2015-12-18,76.73,76.98589058579773,True
2015-12-19,70.833,69.77849502235776,True
2015-12-20,69.01,67.5080354775223,True
2015-12-21,76.836,74.72664500850517,True
2015-12-22,75.957,70.14319017546042,True
2015-12-23,73.172,71.79501075204573,True
2015-12-24,70.554,74.38236807627231,True
2015-12-25,66.017,76.7763250043475,True
2015-12-26,68.81,67.85601094670746,True
2015-12-27,69.67,70.81820664968221,True
2015-12-28,78.524,80.7834639841621,True
2015-12-29,77.611,77.69562407741914,True
2015-12-30,77.392,79.06716175116344,True
2015-12-31,73.757,77.13499720423056,True
2016-01-01,67.698,75.33723872892278,True
2016-01-02,67.622,67.51868150762064,True
2016-01-03,67.561,64.2380265472906,True
2016-01-04,73.19,68.64508888116436,True
2016-01-05,76.782,71.06456819323539,True
2016-01-06,79.809,77.96492483103127,True
2016-01-07,76.969,75.10854784207997,True
2016-01-08,76.147,73.8225613718952,True
2016-01-09,71.366,69.48967147540395,True
2016-01-10,67.183,62.70623541815162,True
2016-01-11,74.925,73.62251187449716,True
2016-01-12,75.877,78.41473689594083,True
2016-01-13,76.564,76.56645244110578,True
2016-01-14,74.705,75.28936013210216,True
2016-01-15,74.439,73.52208526015832,True
2016-01-16,66.476,65.88678969568264,True
2016-01-17,63.569,65.62185344975468,True
2016-01-18,70.785,71.46364664684653,True
2016-01-19,73.324,71.56134668114439,True
2016-01-20,72.534,71.77256501527708,True
2016-01-21,71.846,76.86915015490729,True
2016-01-22,72.634,74.86890489234942,True
2016-01-23,67.267,65.05565755549047,True
2016-01-24,65.007,62.49800784005551,True
2016-01-25,73.59,73.8078604313124,True
2016-01-26,74.553,75.41142690663551,True
2016-01-27,75.452,75.05892721059807,True
2016-01-28,74.841,76.04904162324415,True
2016-01-29,73.462,72.27405609858334,True
2016-01-30,66.932,63.75546870367921,True
2016-01-31,66.639,64.46745603628722,True
2016-02-01,76.635,76.86698292397342,True
2016-02-02,78.045,76.02893186144217,True
2016-02-03,77.184,75.2147653920317,True
2016-02-04,76.06,75.53075741969835,True
2016-02-05,74.142,75.88349280697442,True
2016-02-06,66.006,67.97725349398678,True
2016-02-07,63.651,71.25320596538438,True
2016-02-08,74.443,80.11014930921176,True
2016-02-09,76.196,79.49132356453552,True
2016-02-10,76.686,78.18032604792597,True
2016-02-11,76.577,77.18654062681509,True
2016-02-12,75.383,76.39757840939966,True
2016-02-13,66.958,66.45002433050402,True
2016-02-14,64.659,71.92211345532081,True
2016-02-15,75.115,81.08520578688704,True
2016-02-16,79.348,79.8999636335633,True
2016-02-17,73.662,69.89149888703507,True
2016-02-18,72.201,68.85990534056654,True
2016-02-19,71.705,70.98499396912781,True
2016-02-20,65.765,66.1946496727481,True
2016-02-21,62.921,65.89729716242886,True
2016-02-22,72.675,79.07134661192862,True
2016-02-23,73.881,77.565013073079,True
2016-02-24,73.663,76.49447984465434,True
2016-02-25,73.874,78.1202520858231,True
2016-02-26,72.825,75.86715782569485,True
2016-02-27,66.142,66.9722531960856,True
2016-02-28,64.277,66.02651422474835,True
2016-02-29,73.52,74.9209448491166,True
2016-03-01,74.271,76.21003315352934,True
2016-03-02,74.335,73.92651110815919,True
2016-03-03,73.799,72.98494797389647,True
2016-03-04,72.575,71.68808477797971,True
2016-03-05,67.989,61.81167782449308,True
2016-03-06,64.217,61.33744617595615,True
2016-03-07,72.979,73.78809553635577,True
2016-03-08,73.46,74.04373766075756,True
2016-03-09,74.452,73.83607646555373,True
2016-03-10,75.637,75.5424833711055,True
2016-03-11,73.896,70.77630539350935,True
2016-03-12,69.144,67.57422571922149,True
2016-03-13,64.827,62.280176841288664,True
2016-03-14,73.798,70.6715152876114,True
2016-03-15,75.318,77.60863166826549,True
2016-03-16,77.698,80.45967572430666,True
2016-03-17,77.087,76.94001240975275,True
2016-03-18,74.416,71.87870753391746,True
2016-03-19,66.382,64.87512638908092,True
2016-03-20,63.217,62.994738672769934,True
2016-03-21,72.633,70.08654048767369,True
2016-03-22,71.777,70.84839319025215,True
2016-03-23,73.162,74.24088725580765,True
2016-03-24,73.99,78.92706173517097,True
2016-03-25,72.529,74.53246441615906,True
2016-03-26,66.806,66.6501610468952,True
2016-03-27,63.792,61.532180866096,True
2016-03-28,70.451,67.79524070985244,True
2016-03-29,70.531,74.2113006247415,True
2016-03-30,70.884,72.77165101993747,True
2016-03-31,71.046,75.80559184769113,True
2016-04-01,71.619,73.01006205981359,True
2016-04-02,67.759,70.33887835553854,True
2016-04-03,66.082,69.13637307546603,True
2016-04-04,75.591,76.53364554533292,True
2016-04-05,79.248,81.63916005619518,True
2016-04-06,79.38,77.71155799117132,True
2016-04-07,73.758,69.01514362991124,True
2016-04-08,73.603,65.88013617405164,True
2016-04-09,67.256,59.26469497432286,True
2016-04-10,64.132,59.710977584659226,True
2016-04-11,72.553,69.26574915408986,True
2016-04-12,73.229,71.00068693055448,True
2016-04-13,72.826,69.83846058142679,True
2016-04-14,72.464,71.02020372881137,True
2016-04-15,72.319,73.46000606579346,True
2016-04-16,69.715,72.6322023863097,True
2016-04-17,70.112,72.55108773373739,True
2016-04-18,80.103,80.50288433723198,True
2016-04-19,82.461,82.9214877527617,True
2016-04-20,81.664,80.99294159102095,True
2016-04-21,79.533,76.4509380231829,True
2016-04-22,76.844,71.08453824202402,True
2016-04-23,68.971,68.63703960952789,True
2016-04-24,65.718,62.92144924988898,True
2016-04-25,71.368,69.67370186944716,True
2016-04-26,71.914,72.91441503914676,True
2016-04-27,72.139,71.89558849180796,True
2016-04-28,71.994,71.7642935892898,True
2016-04-29,71.615,71.28736950651775,True
2016-04-30,64.962,64.73822678511819,True
2016-05-01,63.517,63.6022574788561,True
2016-05-02,74.421,76.942022108532,True
2016-05-03,77.887,79.2874678146665,True
2016-05-04,74.423,72.03480259132579,True
2016-05-05,73.726,70.43291697634936,True
2016-05-06,72.489,70.43665913422598,True
2016-05-07,66.229,65.0205050841659,True
2016-05-08,63.877,63.695497676543525,True
2016-05-09,72.914,72.16871939763567,True
2016-05-10,73.775,74.06051489627116,True
2016-05-11,75.812,75.46195847293467,True
2016-05-12,78.68,79.49944341477375,True
2016-05-13,77.802,77.7004890761815,True
2016-05-14,68.468,66.91136076422538,True
2016-05-15,64.61,63.91140832655806,True
2016-05-16,74.084,72.51320961870375,True
2016-05-17,75.913,74.66221594945863,True
2016-05-18,76.333,74.34242977340219,True
2016-05-19,75.742,72.69353355967891,True
2016-05-20,71.912,70.43537965581073,True
2016-05-21,64.219,65.00357936171426,True
2016-05-22,63.054,64.96928339728291,True
2016-05-23,71.923,71.94392454649946,True
2016-05-24,72.864,71.1898996019354,True
2016-05-25,71.866,71.01783965635286,True
2016-05-26,73.946,73.54439274481818,True
2016-05-27,74.846,74.19226218283191,True
2016-05-28,66.154,65.76981814174805,True
2016-05-29,61.826,62.21877003828538,True
2016-05-30,64.512,72.44889994379879,True
2016-05-31,73.729,73.82772640840628,True
2016-06-01,77.011,75.68253670981537,True
2016-06-02,84.64,85.08225775552764,True
2016-06-03,90.485,88.78611637052335,True
2016-06-04,82.331,80.18097402401028,True
2016-06-05,70.634,68.77014551401561,True
2016-06-06,75.091,75.27357200497494,True
2016-06-07,76.109,77.47103793602318,True
2016-06-08,80.568,80.5509423851258,True
2016-06-09,79.768,78.51997267072912,True
2016-06-10,78.938,79.83673736473185,True
2016-06-11,69.184,67.28839098752505,True
2016-06-12,65.015,66.78601068300539,True
2016-06-13,73.992,75.84322055301027,True
2016-06-14,74.367,77.10399194613954,True
2016-06-15,74.734,78.2328549379996,True
2016-06-16,76.778,82.8322343672174,True
2016-06-17,81.403,90.68212967480342,True
2016-06-18,84.543,92.37145649925553,True
2016-06-19,95.685,100.64486626233872,True
2016-06-20,119.921,114.05689202917054,True
2016-06-21,109.709,97.44357233353635,True
2016-06-22,98.925,92.81702329739925,True
2016-06-23,93.754,88.79558832836186,True
2016-06-24,89.252,86.515571062279,True
2016-06-25,81.012,82.6629894169914,True
2016-06-26,83.132,84.56177344466126,True
2016-06-27,101.994,97.43857364192175,True
2016-06-28,101.075,95.90942447925516,True
2016-06-29,101.8,95.82777768499845,True
2016-06-30,98.809,91.33075899466297,True
2016-07-01,92.861,88.4506592274848,True
2016-07-02,80.352,80.23701244647665,True
2016-07-03,73.529,75.33579693008473,True
2016-07-04,72.369,83.43844533731712,True
2016-07-05,82.978,85.8104602656832,True
2016-07-06,83.625,85.42253802934067,True
2016-07-07,85.669,87.76849792971413,True
2016-07-08,86.983,88.83471494852239,True
2016-07-09,83.378,86.0005865792981,True
2016-07-10,81.326,82.66074099373067,True
2016-07-11,89.261,89.98320421865805,True
2016-07-12,89.69,90.8135535074867,True
2016-07-13,92.895,94.03094317087238,True
2016-07-14,94.014,94.2027431529252,True
2016-07-15,92.037,92.45196759010436,True
2016-07-16,82.139,84.22955990189435,True
2016-07-17,77.337,81.61139090402018,True
2016-07-18,90.219,93.0247072057749,True
2016-07-19,95.01,99.62439186168592,True
2016-07-20,101.023,105.70407269096192,True
2016-07-21,104.996,107.70975577558796,True
2016-07-22,112.016,110.15666308516492,True
2016-07-23,101.569,99.40066211391222,True
2016-07-24,93.545,94.48550276729354,True
2016-07-25,106.877,103.2151037434474,True
2016-07-26,109.108,105.5801438898089,True
2016-07-27,107.113,105.41308439307286,True
2016-07-28,106.463,103.4637424527475,True
2016-07-29,106.998,104.07451328125921,True
2016-07-30,99.463,93.81099091622742,True
2016-07-31,93.404,89.49524230168197,True
2016-08-01,101.264,96.49947262053132,True
2016-08-02,97.658,94.73048194809667,True
2016-08-03,96.271,95.03250870285096,True
2016-08-04,95.416,94.21844917236173,True
2016-08-05,92.863,91.51611778408305,True
2016-08-06,83.932,83.08808827678284,True
2016-08-07,80.973,80.69680387049208,True
2016-08-08,91.928,89.07660943087785,True
2016-08-09,92.207,91.05590189858063,True
2016-08-10,90.175,89.80135714110892,True
2016-08-11,90.132,90.3536243493436,True
2016-08-12,91.034,91.6131259279627,True
2016-08-13,90.138,90.22198214691592,True
2016-08-14,93.478,94.28203919540451,True
2016-08-15,105.496,102.4105069373734,True
2016-08-16,100.338,99.69027787484723,True
2016-08-17,96.17,97.8824694928745,True
2016-08-18,91.284,91.8310514184498,True
2016-08-19,91.198,92.13463711922321,True
2016-08-20,81.4,83.1004415287704,True
2016-08-21,81.115,83.95386312977939,True
2016-08-22,92.138,91.51979200455162,True
2016-08-23,92.015,92.76643294902529,True
2016-08-24,91.706,92.65384349826937,True
2016-08-25,86.866,87.78902646294736,True
2016-08-26,82.631,84.6918638819523,True
2016-08-27,74.918,78.06210804512091,True
2016-08-28,77.578,82.86752886141007,True
2016-08-29,95.749,94.91375999077769,True
2016-08-30,102.04,98.43487578563051,True
2016-08-31,101.791,98.06326530404745,True
2016-09-01,95.559,92.72041111839908,True
2016-09-02,88.122,87.37468022007143,True
2016-09-03,75.349,78.77565882747636,True
2016-09-04,68.559,74.02661982500912,True
2016-09-05,69.709,83.30759152279235,True
2016-09-06,82.331,86.76476456702528,True
2016-09-07,84.839,87.00952743984939,True
2016-09-08,84.018,85.91236870395609,True
2016-09-09,84.821,87.13087450531978,True
2016-09-10,80.06,83.69023973002983,True
2016-09-11,74.365,77.32215194780585,True
2016-09-12,78.757,79.89588674185688,True
2016-09-13,75.803,78.73896346165934,True
2016-09-14,74.839,81.65305922181726,True
2016-09-15,77.2,83.58241484298017,True
2016-09-16,80.072,83.71713311430237,True
2016-09-17,78.647,81.30651669984273,True
2016-09-18,84.609,86.40164797492491,True
2016-09-19,90.585,92.94035788796899,True
2016-09-20,96.458,93.74549894551393,True
2016-09-21,98.734,90.43404488782312,True
2016-09-22,83.688,82.84882033810563,True
2016-09-23,79.52,81.81691894048164,True
2016-09-24,78.559,82.64462369873146,True
2016-09-25,83.921,87.96329275080593,True
2016-09-26,106.033,99.93383193623329,True
2016-09-27,105.938,96.73690557468368,True
2016-09-28,104.64,95.09405127226778,True
2016-09-29,102.832,95.0016975219064,True
2016-09-30,97.573,91.84471275078943,True
2016-10-01,81.347,78.29552805821976,True
2016-10-02,69.841,67.52326679064892,True
2016-10-03,74.578,77.789767715986,True
2016-10-04,75.582,76.16510763834214,True
2016-10-05,74.86,75.19974116492862,True
2016-10-06,76.605,82.53571487869678,True
2016-10-07,80.718,86.2208084479608,True
2016-10-08,76.116,79.30073631720558,True
2016-10-09,73.701,77.50802185001243,True
2016-10-10,81.983,83.53703517105107,True
2016-10-11,75.918,73.34334329955638,True
2016-10-12,72.76,72.06912368021594,True
2016-10-13,74.15,75.5241833277456,True
2016-10-14,74.412,73.67209847091604,True
2016-10-15,69.421,68.55067308214917,True
2016-10-16,67.902,67.02429977599358,True
2016-10-17,74.983,72.8827416808043,True
2016-10-18,74.225,75.77222620283247,True
2016-10-19,79.131,86.06390690787906,True
2016-10-20,86.221,88.9620752048971,True
2016-10-21,85.661,87.04057934223385,True
2016-10-22,72.213,73.53170652485157,True
2016-10-23,66.605,68.2828872754785,True
2016-10-24,76.275,75.14254199530609,True
2016-10-25,74.742,74.99962696538744,True
2016-10-26,76.035,78.31465139299361,True
2016-10-27,76.063,80.5570809323987,True
2016-10-28,76.192,76.51349289309097,True
2016-10-29,69.848,72.1644112029583,True
2016-10-30,66.693,63.040822424020135,True
2016-10-31,72.447,70.14246050302008,True
2016-11-01,73.235,71.37745568378602,True
2016-11-02,74.827,82.42274320389254,True
2016-11-03,79.107,85.93377616518774,True
2016-11-04,78.415,77.98726793860013,True
2016-11-05,70.542,70.08749360917594,True
2016-11-06,70.275,64.28246913301601,True
2016-11-07,76.744,76.44571174139165,True
2016-11-08,81.491,84.84153509526084,True
2016-11-09,87.098,86.56596668142882,True
2016-11-10,85.884,82.78561504471608,True
2016-11-11,80.471,79.10763738688176,True
2016-11-12,72.341,69.62590175348649,True
2016-11-13,71.212,69.81167969231286,True
2016-11-14,81.358,78.63060328447237,True
2016-11-15,76.872,74.26024305400637,True
2016-11-16,74.526,69.32196880854137,True
2016-11-17,73.964,70.55216294955561,True
2016-11-18,74.116,73.46919685005994,True
2016-11-19,67.466,67.16479584608624,True
2016-11-20,65.814,59.88808343916239,True
2016-11-21,72.638,67.8852577998152,True
2016-11-22,73.36,72.44942688587726,True
2016-11-23,73.118,73.8096606836285,True
2016-11-24,65.804,74.68106526125642,True
2016-11-25,66.952,74.95844633055844,True
2016-11-26,67.354,69.44897432436194,True
2016-11-27,67.01,62.8989396454012,True
2016-11-28,75.085,72.8347349192132,True
2016-11-29,75.186,74.63345874550596,True
2016-11-30,76.212,76.6127254417615,True
2016-12-01,76.056,73.89638126255261,True
2016-12-02,75.878,69.58912177483734,True
2016-12-03,71.591,66.82980524955593,True
2016-12-04,68.488,68.63690481148036,True
2016-12-05,74.097,75.14843610888897,True
2016-12-06,74.283,72.65122830986331,True
2016-12-07,74.898,75.78122643977616,True
2016-12-08,75.498,75.13188290794082,True
2016-12-09,75.116,73.87442548821859,True
2016-12-10,68.923,66.86625825917072,True
2016-12-11,66.907,60.95701354647669,True
2016-12-12,73.517,70.20833549361058,True
2016-12-13,73.782,71.80999297948007,True
2016-12-14,74.464,76.25895299107161,True
2016-12-15,75.75,72.90546811998118,True
2016-12-16,74.73,71.95974531666242,True
2016-12-17,70.966,71.45271520533872,True
2016-12-18,71.052,70.50158905514735,True
2016-12-19,78.356,78.25517944969027,True
2016-12-20,78.284,78.9430514890461,True
2016-12-21,75.616,70.64440787518019,True
2016-12-22,75.322,72.9373566446064,True
2016-12-23,74.478,72.30629501490715,True
2016-12-24,69.852,70.62418516144686,True
2016-12-25,68.676,71.92806169780219,True
2016-12-26,72.152,77.99043610760114,True
2016-12-27,76.256,78.11333079906943,True
2016-12-28,74.015,76.84371972010213,True
2016-12-29,72.815,75.10621069345842,True
2016-12-30,71.652,68.6704844104508,True
2016-12-31,69.268,68.13086129355379,True
2017-01-01,66.94,69.22078814411513,True
2017-01-02,70.779,74.34283000357493,True
2017-01-03,75.469,76.06975934001186,True
2017-01-04,74.983,73.92452363113063,True
2017-01-05,74.04,70.70566755581675,True
2017-01-06,72.329,72.66884192413733,True
2017-01-07,68.404,66.27784368805902,True
2017-01-08,64.489,66.54600645262823,True
2017-01-09,73.297,70.93813739285194,True
2017-01-10,75.676,75.36597910668752,True
2017-01-11,73.722,71.86721335296309,True
2017-01-12,76.167,76.5074255397459,True
2017-01-13,75.569,76.49302617392522,True
2017-01-14,68.546,70.78646817508388,True
2017-01-15,66.745,66.04501055322345,True
2017-01-16,71.985,75.31649493261769,True
2017-01-17,75.782,78.95364316333426,True
2017-01-18,78.435,78.86210802924097,True
2017-01-19,78.279,75.25492627939636,True
2017-01-20,79.96,77.93978086277876,True
2017-01-21,70.67,71.11804079363627,True
2017-01-22,74.135,69.45399189615753,True
2017-01-23,79.657,80.95224358505124,True
2017-01-24,81.761,85.52835120930762,True
2017-01-25,80.644,83.81897072210533,True
2017-01-26,80.553,80.18513246010278,True
2017-01-27,78.204,72.05944006469956,True
2017-01-28,71.062,70.14001959940802,True
2017-01-29,67.547,71.27203249116904,True
2017-01-30,74.435,77.35266523621947,True
2017-01-31,73.483,77.42991284469169,True
2017-02-01,73.434,76.61394504284209,True
2017-02-02,74.234,72.61998234355192,True
2017-02-03,74.757,69.48365211692118,True
2017-02-04,66.796,64.4319817618448,True
2017-02-05,66.801,65.71421044208444,True
2017-02-06,76.155,70.22477309007805,True
2017-02-07,74.843,68.00271639946834,True
2017-02-08,73.457,71.03318105464896,True
2017-02-09,73.592,73.60908230805308,True
2017-02-10,73.501,67.50242450132428,True
2017-02-11,66.947,61.476272781921836,True
2017-02-12,63.622,65.89098037150802,True
2017-02-13,70.828,71.74924020671405,True
2017-02-14,71.042,71.8886538095245,True
2017-02-15,71.581,76.72698727664363,True
2017-02-16,71.896,71.78996197003138,True
2017-02-17,76.321,68.79522179737299,True
2017-02-18,69.05,63.90156189142371,True
2017-02-19,66.453,63.58795814194404,True
2017-02-20,72.587,70.34336430899704,True
2017-02-21,74.444,69.8223686837989,True
2017-02-22,72.707,72.98680270051936,True
2017-02-23,74.496,76.10027466982989,True
2017-02-24,75.328,78.15477221593983,True
2017-02-25,69.842,71.54762826809764,True
2017-02-26,68.941,67.69836006958897,True
2017-02-27,77.564,73.69847002610757,True
2017-02-28,75.434,75.11906880817953,True
2017-03-01,75.988,78.25520381110248,True
2017-03-02,74.797,79.65341482722107,True
2017-03-03,74.451,78.3257038763037,True
2017-03-04,67.033,66.62106000778347,True
2017-03-05,65.816,65.21030569161013,True
2017-03-06,74.267,74.77799696379775,True
2017-03-07,74.075,78.77064528653207,True
2017-03-08,75.488,80.85349287051535,True
2017-03-09,77.941,81.18881438583334,True
2017-03-10,77.025,79.1646164294433,True
2017-03-11,69.691,72.71566741762148,True
2017-03-12,65.844,73.97290214759605,True
2017-03-13,78.459,82.7498548303905,True
2017-03-14,78.878,84.10344851621669,True
2017-03-15,81.684,84.7049443584168,True
2017-03-16,79.921,78.37841285942439,True
2017-03-17,77.999,78.0972266698644,True
2017-03-18,69.995,69.47441415474836,True
2017-03-19,66.667,66.51708007988773,True
2017-03-20,72.625,69.10273029762138,True
2017-03-21,74.193,69.16763131724163,True
2017-03-22,73.338,70.46922450703443,True
2017-03-23,72.149,71.85489968564237,True
2017-03-24,71.553,73.10010676591057,True
2017-03-25,66.065,63.52614735508686,True
2017-03-26,63.069,62.39766813793062,True
2017-03-27,71.487,72.39021827923739,True
2017-03-28,72.82,76.030344078068,True
2017-03-29,75.307,80.00826047527048,True
2017-03-30,74.46,72.78546814513722,True
2017-03-31,70.653,70.93852855455359,True
2017-04-01,66.749,67.97454627082443,True
2017-04-02,64.844,64.37958978669526,True
2017-04-03,71.013,69.6247229647206,True
2017-04-04,72.47,75.08082449900358,True
2017-04-05,75.955,79.2254088605995,True
2017-04-06,75.623,73.23738664463541,True
2017-04-07,69.732,70.84922296810338,True
2017-04-08,64.493,63.129930822652426,True
2017-04-09,61.816,63.393102644895464,True
2017-04-10,70.473,74.60623258048226,True
2017-04-11,71.149,73.03162733598447,True
2017-04-12,71.601,72.60583648416777,True
2017-04-13,71.216,68.90252010976944,True
2017-04-14,68.682,69.3176031173224,True
2017-04-15,64.996,67.96780852216457,True
2017-04-16,62.696,63.30187512760584,True
2017-04-17,72.715,71.34365448488319,True
2017-04-18,75.728,71.2325017798808,True
2017-04-19,75.623,73.46099709378169,True
2017-04-20,76.213,78.14856072441556,True
2017-04-21,80.929,84.00090627046038,True
2017-04-22,77.852,78.2660657410269,True
2017-04-23,70.841,66.20487630556173,True
2017-04-24,74.756,70.8401488349103,True
2017-04-25,74.284,75.86467162951173,True
2017-04-26,78.43,82.31490830941698,True
2017-04-27,79.322,80.3828687769747,True
2017-04-28,77.926,80.62080088329722,True
2017-04-29,72.997,76.53844694224556,True
2017-04-30,72.771,72.77309632312353,True
2017-05-01,83.087,82.02495245140865,True
2017-05-02,84.183,83.56859486917934,True
2017-05-03,85.576,82.7462984229349,True
2017-05-04,84.021,79.9193297663797,True
2017-05-05,76.951,73.09646521664891,True
2017-05-06,67.172,64.40903130243947,True
2017-05-07,63.465,66.04714388923453,True
2017-05-08,71.892,76.70727855597876,True
2017-05-09,73.017,72.64416903471667,True
2017-05-10,73.859,71.72796007101235,True
2017-05-11,75.137,75.76625091969765,True
2017-05-12,74.839,75.05174877039347,True
2017-05-13,66.219,68.86501952453283,True
2017-05-14,63.022,64.63544475351932,True
2017-05-15,70.946,70.80718134266795,True
2017-05-16,72.095,73.85396463106522,True
2017-05-17,72.691,73.06078098023065,True
2017-05-18,74.195,77.6933287975902,True
2017-05-19,78.148,83.96285381350302,True
2017-05-20,80.434,84.23383130361675,True
2017-05-21,81.767,80.64913146372474,True
2017-05-22,87.027,83.62893676086111,True
2017-05-23,86.783,83.21595885942318,True
2017-05-24,80.586,75.49573584039153,True
2017-05-25,73.713,70.405579674327,True
2017-05-26,72.505,71.28630032035859,True
2017-05-27,65.743,67.20451337558966,True
2017-05-28,65.521,68.1883900091771,True
2017-05-29,67.538,73.81865640706738,True
2017-05-30,75.909,73.85533465684327,True
2017-05-31,75.284,72.3587069708873,True
2017-06-01,77.644,75.78885769342142,True
2017-06-02,81.038,80.42691209486907,True
2017-06-03,77.389,74.41761281739755,True
2017-06-04,74.641,71.53540847737112,True
2017-06-05,81.339,77.05639340375747,True
2017-06-06,78.956,76.6727651616453,True
2017-06-07,77.296,76.39522691460004,True
2017-06-08,77.158,75.70320796763363,True
2017-06-09,78.039,79.6487228491406,True
2017-06-10,69.713,69.25889093924336,True
2017-06-11,65.411,66.3696428539097,True
2017-06-12,73.729,78.34798897989249,True
2017-06-13,78.604,83.73906043144768,True
2017-06-14,84.498,88.77104642892384,True
2017-06-15,89.028,91.26958419649463,True
2017-06-16,93.821,93.65655546732727,True
2017-06-17,87.712,85.8329555277129,True
2017-06-18,85.477,84.42509782593596,True
2017-06-19,96.762,94.29029318258293,True
2017-06-20,100.787,96.98941269317237,True
2017-06-21,102.566,97.5327414075776,True
2017-06-22,92.877,87.45475355331858,True
2017-06-23,88.63,86.92995349893049,True
2017-06-24,77.103,82.6704307159291,True
2017-06-25,84.395,90.47206641482772,True
2017-06-26,104.04,103.90433365897366,True
2017-06-27,99.411,98.71462084009549,True
2017-06-28,89.883,89.10026335389992,True
2017-06-29,84.76,85.81479693624516,True
2017-06-30,82.498,85.47862306001184,True
2017-07-01,75.463,77.87506094409079,True
2017-07-02,73.909,79.72153643304306,True
2017-07-03,84.439,91.39832208931914,True
2017-07-04,80.859,96.62625152045091,True
2017-07-05,92.846,97.76548730384279,True
2017-07-06,98.561,99.44842244702609,True
2017-07-07,108.859,106.46063935946793,True
2017-07-08,106.529,101.90008473694748,True
2017-07-09,103.015,95.27582776901309,True
2017-07-10,114.457,103.23306440184511,True
2017-07-11,107.239,98.94428239787761,True
2017-07-12,101.833,97.44390501054934,True
2017-07-13,99.69,96.66683560149929,True
2017-07-14,97.322,96.15025773704684,True
2017-07-15,92.906,93.26610472617564,True
2017-07-16,92.343,90.74046610056205,True
2017-07-17,102.339,97.49630164617722,True
2017-07-18,101.183,99.30542343078288,True
2017-07-19,102.285,100.49760861068737,True
2017-07-20,102.001,99.8375995059312,True
2017-07-21,97.35,97.4559487837467,True
2017-07-22,90.75,91.95746202414836,True
2017-07-23,89.335,89.44616671706672,True
2017-07-24,93.366,95.48500410426902,True
2017-07-25,93.669,96.29447462059268,True
2017-07-26,96.516,97.4626578628965,True
2017-07-27,99.709,100.04415400179907,True
2017-07-28,95.83,96.29623495184627,True
2017-07-29,88.353,89.49571437138064,True
2017-07-30,85.063,86.91938677656779,True
2017-07-31,92.379,95.18584964934047,True
2017-08-01,100.724,104.74351166536762,True
2017-08-02,110.898,108.57440967627939,True
2017-08-03,113.287,107.06043862816577,True
2017-08-04,108.714,101.90052998621464,True
2017-08-05,92.282,89.43058701207698,True
2017-08-06,86.722,86.11393184922012,True
2017-08-07,96.168,95.64339082404199,True
2017-08-08,98.657,98.80376216863712,True
2017-08-09,96.592,96.99046048340008,True
2017-08-10,97.062,97.58521072027956,True
2017-08-11,96.377,96.90169805809953,True
2017-08-12,87.532,87.38740403570735,True
2017-08-13,83.21,83.80756092927953,True
2017-08-14,87.695,87.70923805575275,True
2017-08-15,83.149,87.31506755649238,True
2017-08-16,84.153,88.92426836306757,True
2017-08-17,86.124,90.4976990472031,True
2017-08-18,86.651,89.91019223830259,True
2017-08-19,78.331,81.80648581447234,True
2017-08-20,74.054,78.55985339098113,True
2017-08-21,84.952,89.05408197358518,True
2017-08-22,87.433,91.91924258224147,True
2017-08-23,85.579,87.65670568736414,True
2017-08-24,84.345,87.70598766469438,True
2017-08-25,85.655,89.13848280710653,True
2017-08-26,86.842,89.87783357150269,True
2017-08-27,87.517,89.09894403144268,True
2017-08-28,105.418,105.18571507030154,True
2017-08-29,115.336,109.57589740521958,True
2017-08-30,120.646,110.43275555182296,True
2017-08-31,127.797,115.74124132210338,True
2017-09-01,128.593,115.07796066115183,True
2017-09-02,118.738,108.22363704506095,True
2017-09-03,110.82,97.6896620559341,True
2017-09-04,95.846,94.33221560364964,True
2017-09-05,101.847,97.95395428112639,True
2017-09-06,100.015,98.61531084632968,True
2017-09-07,96.635,95.36819109748609,True
2017-09-08,92.594,90.90245128015265,True
2017-09-09,84.435,85.25066847911864,True
2017-09-10,89.092,90.04148648600604,True
2017-09-11,103.493,98.29965758186522,True
2017-09-12,99.688,93.86449522991543,True
2017-09-13,87.858,85.34731348815257,True
2017-09-14,79.938,83.50472350580715,True
2017-09-15,80.132,83.73273910944656,True
2017-09-16,73.921,76.76766591885432,True
2017-09-17,69.968,73.31460255911509,True
2017-09-18,79.867,80.87093340100043,True
2017-09-19,79.777,82.30910766761541,True
2017-09-20,79.154,82.14190710469894,True
2017-09-21,76.743,78.76307707153343,True
2017-09-22,72.603,77.2270277484614,True
2017-09-23,66.372,71.40316532855712,True
2017-09-24,66.601,74.52004530974503,True
2017-09-25,79.353,85.96188094846504,True
2017-09-26,82.153,86.21362096711304,True
2017-09-27,84.157,87.67648395822528,True
2017-09-28,86.244,91.03606984942579,True
2017-09-29,88.043,90.36359322367741,True
2017-09-30,76.869,75.247438044371,True
2017-10-01,71.892,68.96717801488353,True
2017-10-02,78.09,76.54780419354604,True
2017-10-03,76.004,75.41313049705562,True
2017-10-04,75.805,79.2497790072014,True
2017-10-05,77.697,81.70857866697725,True
2017-10-06,82.92,87.96766970291299,True
2017-10-07,80.525,82.31762822855319,True
2017-10-08,70.554,68.51021983007081,True
2017-10-09,79.73,81.5142462512962,True
2017-10-10,78.857,82.53209253613105,True
2017-10-11,77.53,76.17980513474404,True
2017-10-12,76.083,74.37401840812888,True
2017-10-13,75.766,75.97959685750217,True
2017-10-14,70.157,75.56120720508345,True
2017-10-15,71.832,77.3629639338591,True
2017-10-16,85.53,90.48454200352188,True
2017-10-17,89.22,90.40826437836266,True
2017-10-18,87.151,85.0986501216237,True
2017-10-19,80.38,76.00591658840402,True
2017-10-20,76.483,74.04961887112668,True
2017-10-21,67.427,69.7508488852832,True
2017-10-22,71.46,75.40165721172288,True
2017-10-23,95.328,93.92420853519302,True
2017-10-24,109.098,106.93883934313193,True
2017-10-25,102.929,93.49383666520991,True
2017-10-26,90.678,86.9308832237551,True
2017-10-27,83.816,82.386111175465,True
2017-10-28,73.339,70.94813706515589,True
2017-10-29,66.094,61.65005172742448,True
2017-10-30,72.738,69.23851228552951,True
2017-10-31,72.084,69.93398385033542,True
2017-11-01,72.498,71.04942260643955,True
2017-11-02,71.861,67.68156055953439,True
2017-11-03,70.608,68.51094241682064,True
2017-11-04,65.425,63.426579106785425,True
2017-11-05,65.659,59.11611002561301,True
2017-11-06,71.042,69.12137279001402,True
2017-11-07,71.944,71.52392854984687,True
2017-11-08,72.31,71.72315041041861,True
2017-11-09,71.787,68.14502291885981,True
2017-11-10,68.832,67.4961586579217,True
2017-11-11,64.424,63.30468124041817,True
2017-11-12,62.188,59.137132290751936,True
2017-11-13,69.197,70.42496469701551,True
2017-11-14,70.999,73.5392740494749,True
2017-11-15,71.415,72.57007065074784,True
2017-11-16,72.401,72.87628373448045,True
2017-11-17,72.35,69.56612944902065,True
2017-11-18,64.121,65.21828493463815,True
2017-11-19,61.099,61.70650789069862,True
2017-11-20,69.477,71.49919331075277,True
2017-11-21,73.688,80.46389135747282,True
2017-11-22,78.452,83.20718243343016,True
2017-11-23,72.299,80.89665591590635,True
2017-11-24,69.603,77.19264509423067,True
2017-11-25,67.293,68.69730171724606,True
2017-11-26,63.148,60.15518258172936,True
2017-11-27,70.354,66.5195154823414,True
2017-11-28,71.461,74.03678228059417,True
2017-11-29,72.35,72.84012200405301,True
2017-11-30,72.584,75.63977365578923,True
2017-12-01,72.156,72.66545045124819,True
2017-12-02,66.498,65.97012878133084,True
2017-12-03,64.46,61.49205808647502,True
2017-12-04,72.973,71.14755247986845,True
2017-12-05,73.513,69.24829203024413,True
2017-12-06,74.274,75.30387294102546,True
2017-12-07,74.585,78.16583011093813,True
2017-12-08,74.68,73.53560636565031,True
2017-12-09,69.67,71.05548468288742,True
2017-12-10,66.735,67.32714270138747,True
2017-12-11,74.129,74.38414096567048,True
2017-12-12,74.883,78.24435814758289,True
2017-12-13,74.899,77.59870045134954,True
2017-12-14,74.712,79.18764889516731,True
2017-12-15,73.876,74.70232110606393,True
2017-12-16,66.147,62.40194899018441,True
2017-12-17,64.235,60.354361824986704,True
2017-12-18,73.07,73.36626256265137,True
2017-12-19,74.023,72.11953764670756,True
2017-12-20,74.83,73.86883473631357,True
2017-12-21,74.688,72.53170764955878,True
2017-12-22,73.936,75.15616594088286,True
2017-12-23,68.856,66.4351817474861,True
2017-12-24,64.435,63.8100887111549,True
2017-12-25,63.243,72.1340593173456,True
2017-12-26,70.169,72.65250318855425,True
2017-12-27,71.509,74.8587157656104,True
2017-12-28,70.752,76.55742154803367,True
2017-12-29,69.835,74.51834159400636,True
2017-12-30,64.584,65.28913334930057,True
2017-12-31,63.276,60.85394103797542,True
2018-01-01,63.441,71.40889068423512,True
2018-01-02,70.65,72.40965065852262,True
2018-01-03,72.931,70.17823864558214,True
2018-01-04,72.905,70.92722218447288,True
2018-01-05,72.849,69.27669104198016,True
2018-01-06,66.402,60.664927012170985,True
2018-01-07,63.397,62.53670405280759,True
2018-01-08,73.442,65.64753621422852,True
2018-01-09,75.86,69.80348419342127,True
2018-01-10,74.059,72.3324845669845,True
2018-01-11,73.195,73.26864256984881,True
2018-01-12,77.12,74.30043587867428,True
2018-01-13,67.125,69.22190099921087,True
2018-01-14,64.357,66.06007267789433,True
2018-01-15,70.07,72.4785709933266,True
2018-01-16,72.411,72.04131909503747,True
2018-01-17,73.825,76.11402198748749,True
2018-01-18,73.826,73.67163623844823,True
2018-01-19,72.451,68.06721886229238,True
2018-01-20,67.118,65.66340295441165,True
2018-01-21,66.936,66.47087873756249,True
2018-01-22,73.616,74.62677521341718,True
2018-01-23,73.182,76.62008645423523,True
2018-01-24,72.325,75.08032869014914,True
2018-01-25,72.646,72.26901202021087,True
2018-01-26,72.563,72.47073590215882,True
2018-01-27,67.026,67.32136069313967,True
2018-01-28,64.787,74.76664791192403,True
2018-01-29,74.038,80.92215771723049,True
2018-01-30,73.197,74.86765849842953,True
2018-01-31,72.444,74.75262474855387,True
2018-02-01,72.706,75.98156817248913,True
2018-02-02,73.532,75.93570101249803,True
2018-02-03,68.115,67.5635619216036,True
2018-02-04,66.284,65.13608033373833,True
2018-02-05,73.347,70.73198697023594,True
2018-02-06,73.08,71.12410101008288,True
2018-02-07,74.039,74.28560612223698,True
2018-02-08,74.851,74.9862925792554,True
2018-02-09,72.252,69.6542144674205,True
2018-02-10,65.438,58.88740762660919,True
2018-02-11,62.675,60.226016862048944,True
2018-02-12,69.222,66.52360974784649,True
2018-02-13,71.013,68.63771029543513,True
2018-02-14,71.802,67.54717519962706,True
2018-02-15,70.546,69.38662759050712,True
2018-02-16,70.788,69.88012289765838,True
2018-02-17,63.787,65.47893729946503,True
2018-02-18,60.875,60.3851803625609,True
2018-02-19,68.518,72.42833329113017,True
2018-02-20,74.836,75.72846672552294,True
2018-02-21,74.583,73.51476521948261,True
2018-02-22,76.05,75.19177714439346,True
2018-02-23,76.258,75.11420944524795,True
2018-02-24,70.54,69.01252340377329,True
2018-02-25,66.66,63.43763330890581,True
2018-02-26,72.202,72.25104422055021,True
2018-02-27,75.425,77.53149487768705,True
2018-02-28,75.39,75.68213036663407,True
2018-03-01,73.679,72.35082666315034,True
2018-03-02,75.628,72.03905116296461,True
2018-03-03,69.397,66.21924169541364,True
2018-03-04,64.815,65.20507653478477,True
2018-03-05,72.087,73.56630261719492,True
2018-03-06,71.243,75.72998142167937,True
2018-03-07,71.431,71.79785359180839,True
2018-03-08,71.235,72.84981799797828,True
2018-03-09,70.503,70.24399225587356,True
2018-03-10,67.789,59.5354183081801,True
2018-03-11,61.222,58.11922791721945,True
2018-03-12,71.252,69.87196055308908,True
2018-03-13,72.517,67.13862020341823,True
2018-03-14,70.476,67.2412501293557,True
2018-03-15,69.655,68.8413535998778,True
2018-03-16,71.329,70.08495089472635,True
2018-03-17,65.316,63.730211887055134,True
2018-03-18,63.738,62.073020950802835,True
2018-03-19,70.294,71.92613851031108,True
2018-03-20,70.67,70.17032603800122,True
2018-03-21,72.659,66.62754110767814,True
2018-03-22,73.331,65.79673120084382,True
2018-03-23,69.104,67.28093373942214,True
2018-03-24,62.665,61.01597622861661,True
2018-03-25,59.76,59.041990029806115,True
2018-03-26,68.451,70.00055130279213,True
2018-03-27,69.872,72.41227542178021,True
2018-03-28,69.872,72.67210338123064,True
2018-03-29,69.48,72.9375137412929,True
2018-03-30,68.504,73.38744038736225,True
2018-03-31,62.568,64.29836136556935,True
2018-04-01,58.778,58.693297011613424,True
2018-04-02,67.279,65.61847931411614,True
2018-04-03,67.999,68.73380367961396,True
2018-04-04,68.111,68.86435924341924,True
2018-04-05,68.32,67.54213172633713,True
2018-04-06,68.333,68.31585998318629,True
2018-04-07,63.511,61.31125417155947,True
2018-04-08,61.349,61.938753476254014,True
2018-04-09,77.59,82.39532739767836,True
2018-04-10,79.559,81.20456458875132,True
2018-04-11,74.692,72.02467864930267,True
2018-04-12,67.03,65.65563627008152,True
2018-04-13,68.565,72.43174656367869,True
2018-04-14,66.213,69.64395444877074,True
2018-04-15,61.605,60.88172614974947,True
2018-04-16,66.963,65.4634966924904,True
2018-04-17,68.623,69.19946645372858,True
2018-04-18,68.692,69.74131130909569,True
2018-04-19,67.231,67.4190884106824,True
2018-04-20,67.994,69.1470610466596,True
2018-04-21,64.527,72.33757574884912,True
2018-04-22,63.85,67.11884267807227,True
2018-04-23,75.424,70.67917418655044,True
2018-04-24,71.997,71.8676132840342,True
2018-04-25,70.836,71.58899764568848,True
2018-04-26,70.652,70.29674939451975,True
2018-04-27,69.74,68.91197404582267,True
2018-04-28,63.784,62.59830506833343,True
2018-04-29,61.352,59.53063419845566,True
2018-04-30,68.801,66.51311826766269,True
2018-05-01,70.153,68.79244109326558,True
2018-05-02,68.934,68.5565272451195,True
2018-05-03,69.997,73.22885970260452,True
2018-05-04,76.508,83.26314944935078,True
2018-05-05,74.197,80.98018177968905,True
2018-05-06,70.096,72.53783641287758,True
2018-05-07,74.438,76.60588420624788,True
2018-05-08,75.143,76.92348959394893,True
2018-05-09,76.577,76.58222318822708,True
2018-05-10,75.569,74.74247720130195,True
2018-05-11,70.654,67.4323795861262,True
2018-05-12,62.874,61.689076503452014,True
2018-05-13,60.285,60.11702114544175,True
2018-05-14,67.455,70.697158702488,True
2018-05-15,69.058,72.0444701220562,True
2018-05-16,70.362,74.22267038277369,True
2018-05-17,70.616,71.59765967900023,True
2018-05-18,69.117,69.0685956326809,True
2018-05-19,63.084,62.328734149407026,True
2018-05-20,61.47,60.34924470181846,True
2018-05-21,68.926,66.04830485062693,True
2018-05-22,69.411,68.3906334562808,True
2018-05-23,70.284,68.77888657524947,True
2018-05-24,70.427,67.04067687424086,True
2018-05-25,68.842,68.1113039339812,True
2018-05-26,62.131,63.04739684779001,True
2018-05-27,60.722,61.946469363634804,True
2018-05-28,65.296,72.53774535145725,True
2018-05-29,72.574,70.82940110455414,True
2018-05-30,70.598,68.58590798618084,True
2018-05-31,70.924,70.19797892962457,True
2018-06-01,72.233,73.93313362960428,True
2018-06-02,70.354,71.275991317788,True
2018-06-03,71.603,70.47529268146131,True
2018-06-04,78.859,75.85207571771537,True
2018-06-05,75.496,72.92352748857023,True
2018-06-06,73.603,73.1597552324082,True
2018-06-07,74.059,75.46643961968779,True
2018-06-08,78.748,81.95304667439274,True
2018-06-09,74.822,75.47776749604023,True
2018-06-10,70.839,72.51711459915074,True
2018-06-11,83.215,84.81314660065784,True
2018-06-12,85.265,86.38467067252398,True
2018-06-13,86.108,86.85372990562303,True
2018-06-14,84.291,85.16762764986123,True
2018-06-15,80.033,81.88601068546903,True
2018-06-16,66.32,67.79412398343662,True
2018-06-17,68.206,63.72390070989627,True
2018-06-18,72.99,76.32017844935294,True
2018-06-19,78.131,80.08487855158833,True
2018-06-20,81.978,82.63250707024898,True
2018-06-21,85.852,83.21168819925266,True
2018-06-22,86.407,83.35421545059349,True
2018-06-23,74.935,72.64732064736212,True
2018-06-24,70.627,70.29898192407542,True
2018-06-25,82.883,82.6118630039346,True
2018-06-26,84.441,83.76662740991407,True
2018-06-27,86.471,85.31426693729674,True
2018-06-28,83.593,82.07187842477354,True
2018-06-29,85.32,80.65164426481356,True
2018-06-30,77.076,75.3448152469171,True
2018-07-01,77.581,75.46448121377834,False
2018-07-02,87.28,83.42172762851665,False
2018-07-03,84.856,82.9410861948368,False
2018-07-04,75.543,85.58580825933936,False
2018-07-05,87.306,97.37606706644006,False
2018-07-06,103.731,116.50056958837125,False
2018-07-07,101.339,104.817684059506,False
2018-07-08,95.575,96.8757586236909,False
2018-07-09,103.173,102.03926001743956,False
2018-07-10,114.202,98.0347384444581,False
2018-07-11,110.743,98.72936745479791,False
2018-07-12,108.563,96.766305646216,False
2018-07-13,105.711,95.95365347588418,False
2018-07-14,97.008,89.11959632288003,False
2018-07-15,94.867,86.9655420432449,False
2018-07-16,102.935,93.36856126988508,False
2018-07-17,102.006,92.3941015331371,False
2018-07-18,102.034,93.71341245609888,False
2018-07-19,106.098,96.26246644986423,False
2018-07-20,104.411,95.01769091749782,False
2018-07-21,94.944,87.76756745566937,False
2018-07-22,95.109,91.84805713284784,False
2018-07-23,114.362,104.74134446477845,False
2018-07-24,121.05,106.49114318812946,False
2018-07-25,120.66,104.00318792827477,False
2018-07-26,114.95,99.19347092337317,False
2018-07-27,110.318,100.1620277171947,False
2018-07-28,98.736,88.20775443233015,False
2018-07-29,98.929,91.86735496794597,False
2018-07-30,109.803,102.31344227141874,False
2018-07-31,112.094,103.46343719332445,False
2018-08-01,112.679,102.74788552424778,False
2018-08-02,113.872,100.45392285387304,False
2018-08-03,113.823,100.9628220038193,False
2018-08-04,103.672,92.3660329456637,False
2018-08-05,97.748,89.15128671100851,False
2018-08-06,110.691,103.24354557605969,False
2018-08-07,118.574,105.50460156731982,False
2018-08-08,116.421,103.38448475964961,False
2018-08-09,116.244,103.31182012138281,False
2018-08-10,113.269,100.06839083366724,False
2018-08-11,106.841,92.0557177961275,False
2018-08-12,98.987,85.75748071575192,False
2018-08-13,101.312,91.75504701641033,False
2018-08-14,100.811,91.22751515901432,False
2018-08-15,102.669,91.5394757942145,False
2018-08-16,108.541,92.95964564766703,False
2018-08-17,111.506,93.8381307131177,False
2018-08-18,97.15,85.7742542234695,False
2018-08-19,96.485,83.94480119789301,False
2018-08-20,103.241,90.55938779508247,False
2018-08-21,102.933,91.36897731500868,False
2018-08-22,101.418,92.05063528524227,False
2018-08-23,98.774,90.39352045284427,False
2018-08-24,93.453,87.31000745935131,False
2018-08-25,85.024,80.15733728422832,False
2018-08-26,82.212,77.15077707734551,False
2018-08-27,88.97,84.41724103773788,False
2018-08-28,87.265,86.75902174825177,False
2018-08-29,92.722,91.57258668394256,False
2018-08-30,92.772,92.2610880852552,False
2018-08-31,90.802,91.2004545126263,False
2018-09-01,81.45,79.86049149342202,False
2018-09-02,76.654,76.82989395623503,False
2018-09-03,79.642,85.87429522657013,False
2018-09-04,87.956,86.31289362103843,False
2018-09-05,85.099,84.63089117858145,False
2018-09-06,86.295,85.47766419310646,False
2018-09-07,91.12,88.70014434349851,False
2018-09-08,92.751,89.28895172523491,False
2018-09-09,88.401,85.17140430296726,False
2018-09-10,94.335,88.04115283276542,False
2018-09-11,91.66,86.06231476504158,False
2018-09-12,89.724,85.51454709691558,False
2018-09-13,90.691,89.5213751741977,False
2018-09-14,92.409,92.9909127772632,False
2018-09-15,83.286,82.6668958666749,False
2018-09-16,80.225,79.4133465242852,False
2018-09-17,86.523,85.99194617902569,False
2018-09-18,84.909,84.26696937481134,False
2018-09-19,82.631,82.3891059975227,False
2018-09-20,84.814,81.26009736755196,False
2018-09-21,87.443,83.76288901709557,False
2018-09-22,82.648,79.0085706034929,False
2018-09-23,76.963,72.42124051270196,False
2018-09-24,81.393,75.39360808409316,False
2018-09-25,78.912,74.54732195221992,False
2018-09-26,85.022,80.61632551244197,False
2018-09-27,87.459,83.9868890634547,False
2018-09-28,85.758,78.27652372154012,False
2018-09-29,76.114,71.088452535346,False
2018-09-30,74.144,71.9833557176435,False
2018-10-01,92.061,88.33301069856516,False
2018-10-02,89.376,82.7275518761675,False
2018-10-03,82.387,77.02043706173569,False
2018-10-04,81.485,75.00938995646226,False
2018-10-05,78.149,74.15006268158287,False
2018-10-06,69.616,66.16983435801907,False
2018-10-07,64.739,63.633583030917656,False
2018-10-08,71.999,71.52615845363444,False
2018-10-09,73.343,71.59447060982365,False
2018-10-10,70.859,70.21572077801241,False
2018-10-11,69.992,70.971122654218,False
2018-10-12,72.882,74.99311496398546,False
2018-10-13,65.233,62.38212653971637,False
2018-10-14,62.037,61.02920672947254,False
2018-10-15,69.749,75.65875378287771,False
2018-10-16,70.043,77.92225334342278,False
2018-10-17,70.695,75.94851260552436,False
2018-10-18,72.194,78.11348933675939,False
2018-10-19,75.318,80.90024551496808,False
2018-10-20,70.602,74.44773061367755,False
2018-10-21,66.131,65.4088530994283,False
2018-10-22,73.407,70.53433298950867,False
2018-10-23,73.088,73.03061573972487,False
2018-10-24,74.005,74.08715872257974,False
2018-10-25,74.655,73.65289719118076,False
2018-10-26,75.522,79.33568385046665,False
2018-10-27,69.246,70.89869145293395,False
2018-10-28,64.488,65.58979875708084,False
2018-10-29,71.23,71.5421911502556,False
2018-10-30,70.897,69.4038212221416,False
2018-10-31,70.348,72.88910458199621,False
2018-11-01,70.81,74.67179105998393,False
2018-11-02,73.897,77.50551772773152,False
2018-11-03,68.974,70.86527690038149,False
2018-11-04,67.878,65.01070727444986,False
2018-11-05,71.578,68.8532449679624,False
2018-11-06,72.316,68.3876125829732,False
2018-11-07,70.538,65.54473745204743,False
2018-11-08,69.682,71.15096373583158,False
2018-11-09,69.027,73.36433895095928,False
2018-11-10,62.493,64.00123131323961,False
2018-11-11,60.28,62.75088632810815,False
2018-11-12,66.996,70.91508100294023,False
2018-11-13,69.145,70.12699910269723,False
2018-11-14,70.395,69.58674090184219,False
2018-11-15,70.364,71.77009677317638,False
2018-11-16,70.727,68.55548008657159,False
2018-11-17,65.052,59.79522167505793,False
2018-11-18,62.065,58.64638112965101,False
2018-11-19,69.286,67.76421355985062,False
2018-11-20,69.057,67.96022689769988,False
2018-11-21,68.652,66.23917890984075,False
2018-11-22,61.38,64.23543925771018,False
2018-11-23,63.041,66.505588863908,False
2018-11-24,63.337,58.996354844786055,False
2018-11-25,61.294,59.400210299805835,False
2018-11-26,69.467,68.84051203294015,False
2018-11-27,70.338,68.7198931686233,False
2018-11-28,70.48,66.78411206203234,False
2018-11-29,70.585,64.72832054752732,False
2018-11-30,69.153,66.10640053537286,False
2018-12-01,64.44,60.3546715106567,False
2018-12-02,62.795,58.677726801109245,False
2018-12-03,71.204,68.90385418855442,False
2018-12-04,71.937,70.64598736531202,False
2018-12-05,74.117,69.82427618248549,False
2018-12-06,76.74,74.00508834556096,False
2018-12-07,72.781,70.35191134011606,False
2018-12-08,66.307,63.65311164248673,False
2018-12-09,64.119,60.52140401762706,False
2018-12-10,71.27,66.71624954697431,False
2018-12-11,71.604,71.343412223583,False
2018-12-12,72.072,70.76154067105908,False
2018-12-13,72.48,73.5306336441412,False
2018-12-14,72.432,67.48573257318932,False
2018-12-15,66.45,65.92746049646797,False
2018-12-16,64.283,62.06242661189459,False
2018-12-17,70.597,65.85749214180923,False
2018-12-18,70.819,68.86159525481358,False
2018-12-19,71.387,72.55446631934345,False
2018-12-20,71.056,71.8806377800963,False
2018-12-21,69.63,66.91508389476795,False
2018-12-22,64.338,62.63057139254704,False
2018-12-23,62.467,59.89185904812608,False
2018-12-24,64.455,67.59298635619926,False
2018-12-25,59.437,65.42901012772785,False
2018-12-26,66.917,66.64359366145024,False
2018-12-27,69.49,70.52657243668928,False
2018-12-28,71.068,67.8534535429135,False
2018-12-29,68.239,66.59241739836746,False
2018-12-30,65.014,62.45448455112747,False
2018-12-31,68.279,67.94988586267876,False
2019-01-01,66.469,70.26063024357737,False
2019-01-02,74.406,73.8026484028596,False
2019-01-03,74.665,72.79038430314651,False
2019-01-04,75.629,71.73610649535922,False
2019-01-05,71.496,64.60224282363845,False
2019-01-06,65.792,60.66154792174109,False
2019-01-07,74.161,67.522118204339,False
2019-01-08,72.858,69.50347563042158,False
2019-01-09,71.741,69.55401718695204,False
2019-01-10,71.736,69.6417430399885,False
2019-01-11,72.33,70.62994553901808,False
2019-01-12,68.292,64.37031187997381,False
2019-01-13,65.89,62.81951513157611,False
2019-01-14,77.459,70.80648304728682,False
2019-01-15,77.929,71.91647154008317,False
2019-01-16,76.841,67.70185325938017,False
2019-01-17,79.211,65.70039234998605,False
2019-01-18,72.453,68.49518726230441,False
2019-01-19,65.303,65.89540497050461,False
2019-01-20,63.825,61.87012978154702,False
2019-01-21,74.546,68.0218250087959,False
2019-01-22,73.001,69.82562220252578,False
2019-01-23,72.965,73.71509283051806,False
2019-01-24,72.204,74.34075576532736,False
2019-01-25,70.987,74.10666193249392,False
2019-01-26,64.923,64.88973469686871,False
2019-01-27,63.575,63.17514389087107,False
2019-01-28,69.926,70.15665838307663,False
2019-01-29,69.887,67.35381238796572,False
2019-01-30,69.649,66.8707103097984,False
2019-01-31,73.136,67.45528822156339,False
2019-02-01,71.682,68.43016063585027,False
2019-02-02,68.59,61.956498362531626,False
2019-02-03,67.93,59.81336304428014,False
2019-02-04,71.9,68.11811343057255,False
2019-02-05,73.576,73.34299732938607,False
2019-02-06,76.975,74.32267465030188,False
2019-02-07,77.385,73.55642948697435,False
2019-02-08,75.958,72.22566272909172,False
2019-02-09,68.28,63.78763290031256,False
2019-02-10,68.062,62.957736477387904,False
2019-02-11,75.427,72.25356228702606,False
2019-02-12,75.657,71.17463863255968,False
2019-02-13,76.61,67.53658379856124,False
2019-02-14,75.926,63.97840880956055,False
2019-02-15,73.487,68.97894003096413,False
2019-02-16,66.705,62.95542738216793,False
2019-02-17,66.955,64.69860663461394,False
2019-02-18,72.876,72.95144991703089,False
2019-02-19,75.467,72.3869660124996,False
2019-02-20,78.459,75.9856899660494,False
2019-02-21,78.025,75.95030992278625,False
2019-02-22,77.058,71.44405302971953,False
2019-02-23,69.677,66.44583822257621,False
2019-02-24,63.782,62.260912369814044,False
2019-02-25,69.718,68.71711170022007,False
2019-02-26,70.827,69.89092820113434,False
2019-02-27,70.087,66.97905310053727,False
2019-02-28,71.003,65.596485759317,False
2019-03-01,67.873,65.02650567728628,False
2019-03-02,67.401,58.58504976681995,False
2019-03-03,62.834,56.15482702589132,False
2019-03-04,67.08,65.90934220843454,False
2019-03-05,69.563,68.04129320847086,False
2019-03-06,71.836,67.01398550073571,False
2019-03-07,68.74,67.72102650913517,False
2019-03-08,68.28,69.7776513204521,False
2019-03-09,64.409,65.38178955358754,False
2019-03-10,60.477,62.91267222001269,False
2019-03-11,70.098,68.15780750656364,False
2019-03-12,67.257,67.90979497764494,False
2019-03-13,66.515,67.5173920175431,False
2019-03-14,66.355,70.45939573863492,False
2019-03-15,66.194,72.6101300206924,False
2019-03-16,63.209,67.50530455215848,False
2019-03-17,61.419,65.71437256886936,False
2019-03-18,67.752,70.52608554617177,False
2019-03-19,67.482,66.247682818484,False
2019-03-20,66.759,64.96628919425291,False
2019-03-21,68.047,68.53608096906318,False
2019-03-22,68.183,68.90728056423154,False
2019-03-23,63.765,58.4700471929625,False
2019-03-24,61.67,59.626908495362485,False
2019-03-25,67.173,69.91615478347933,False
2019-03-26,67.943,69.50082520821589,False
2019-03-27,68.477,67.21356982346921,False
2019-03-28,67.461,66.65792744433999,False
2019-03-29,66.302,68.4322707078424,False
2019-03-30,60.97,66.17974635636159,False
2019-03-31,59.765,64.58288374225657,False
2019-04-01,67.726,72.28593496113773,False
2019-04-02,66.306,64.93671266043499,False
2019-04-03,65.363,64.32547440312007,False
2019-04-04,65.635,64.22608057110975,False
2019-04-05,65.807,63.77491815266911,False
2019-04-06,60.525,59.00399208944754,False
2019-04-07,60.472,63.47250624719484,False
2019-04-08,71.787,75.96364671751702,False
2019-04-09,69.086,69.57301402547289,False
2019-04-10,67.728,68.28334640822243,False
2019-04-11,66.553,68.12457066006544,False
2019-04-12,65.428,67.8060793825889,False
2019-04-13,63.766,63.65785112317396,False
2019-04-14,61.597,58.194440757149835,False
2019-04-15,64.188,63.991474748585254,False
2019-04-16,65.914,62.58318396631785,False
2019-04-17,67.185,69.0182497147415,False
2019-04-18,71.244,75.46073739685,False
2019-04-19,68.734,67.34288386465406,False
2019-04-20,62.308,55.32701946960632,False
2019-04-21,60.64,55.018572098348265,False
2019-04-22,67.091,68.19948633192915,False
2019-04-23,72.413,72.07639088211886,False
2019-04-24,73.463,71.15461663103275,False
2019-04-25,73.895,70.33205749364531,False
2019-04-26,71.856,66.62350944422167,False
2019-04-27,66.178,57.588376529287885,False
2019-04-28,62.739,55.237396579587234,False
2019-04-29,66.674,64.1561465863181,False
2019-04-30,67.19,65.2617215643682,False
2019-05-01,66.12,68.40379367171909,False
2019-05-02,68.431,68.62637802357632,False
2019-05-03,69.016,69.69971526698178,False
2019-05-04,61.934,62.083424300838544,False
2019-05-05,60.247,57.76703522083237,False
2019-05-06,66.579,65.93894254885082,False
2019-05-07,65.805,66.00320797484915,False
2019-05-08,66.674,65.69500143857778,False
2019-05-09,67.781,65.58503799656643,False
2019-05-10,66.956,66.3084462658828,False
2019-05-11,63.591,63.696112403811796,False
2019-05-12,64.464,61.485990982426834,False
2019-05-13,72.173,68.39259841761293,False
2019-05-14,74.554,70.43324672930444,False
2019-05-15,70.736,66.96289726162429,False
2019-05-16,71.096,67.27184133644104,False
2019-05-17,69.752,70.72751396087418,False
2019-05-18,63.071,62.04561760910062,False
2019-05-19,60.791,59.37884982570098,False
2019-05-20,65.879,68.38042050223189,False
2019-05-21,64.938,66.739143826027,False
2019-05-22,65.855,66.18333930891242,False
2019-05-23,65.414,66.09083603088715,False
2019-05-24,65.121,70.90015683513217,False
2019-05-25,61.755,60.940890196820014,False
2019-05-26,59.019,57.09530572649217,False
2019-05-27,62.083,67.96127897182251,False
2019-05-28,67.608,69.69272952285787,False
2019-05-29,69.578,71.7782085292283,False
2019-05-30,70.903,71.21748738634065,False
2019-05-31,69.815,67.8987804676641,False
2019-06-01,64.444,58.449541887797494,False
2019-06-02,62.012,57.13271205178295,False
2019-06-03,67.515,67.46267717656652,False
2019-06-04,70.619,70.14865644352336,False
2019-06-05,72.34,72.61458992144587,False
2019-06-06,73.32,72.91809228765312,False
2019-06-07,71.411,71.55849623961161,False
2019-06-08,69.193,69.91297327324838,False
2019-06-09,74.59,75.35765856933341,False
2019-06-10,91.181,93.30648484281281,False
2019-06-11,96.746,92.36701637723972,False
2019-06-12,88.764,84.0345221428647,False
2019-06-13,76.126,74.49172480881963,False
2019-06-14,71.532,73.0482830596507,False
2019-06-15,65.737,67.5505048528733,False
2019-06-16,64.03,64.69975971768604,False
2019-06-17,69.511,72.77788901573993,False
2019-06-18,70.626,74.53012856481561,False
2019-06-19,72.887,78.2772222214064,False
2019-06-20,71.18,75.15038671548864,False
2019-06-21,67.918,72.72115299198568,False
2019-06-22,63.135,69.81783648188274,False
2019-06-23,63.512,69.1820344767174,False
2019-06-24,70.727,75.24066623076577,False
2019-06-25,69.282,75.44895641507124,False
2019-06-26,70.169,76.01955933969693,False
2019-06-27,73.327,78.31184709053933,False
2019-06-28,74.531,80.99787661026713,False
2019-06-29,68.743,78.10438672474024,False
2019-06-30,69.923,78.44741998085713,False
2019-07-01,81.176,86.4094070101427,False
