Premise_ID,Premise_Description
1,STREET
2,SIDEWALK
3,DRIVEWAY
4,PARKING LOT
5,ALLEY
6,FREEWAY
7,GAS STATION
8,GARAGE/CARPORT
9,OTHER PREMISE
10,PEDESTRIAN OVERCROSSING
11,SINGLE FAMILY DWELLING
12,OTHER STORE
13,TRAIN DEPOT
14,TRANSPORTATION FACILITY (AIRPORT)
15,ELEMENTARY SCHOOL
16,OTHER/OUTSIDE
17,PARK/PLAYGROUND
18,VACANT LOT
19,YARD (RESIDENTIAL/BUSINESS)
20,MULTI UNIT DWELLING
21,OTHER BUSINESS
22,MTA PROPERTY OR PARKING LOT
23,MTA - GREEN LINE - AVIATION/LAX
24,HOSPITAL
25,CONSTRUCTION SITE
26,FINANCE COMPANY
27,STORAGE SHED
28,BUS-CHARTER/PRIVATE
29,DEPARTMENT STORE
