,"Electricity demand, daily sum, (GWh)",HCDH
2015-07-02,64.932,112.1
2015-07-03,59.337,101.8
2015-07-04,59.545,109.0
2015-07-05,53.021,59.0
2015-07-06,55.365,70.89999999999999
2015-07-07,54.404,57.900000000000006
2015-07-08,50.337,26.9
2015-07-09,45.658,2.6499999999999986
2015-07-10,46.958,21.5
2015-07-11,47.176,49.7
2015-07-12,46.838,56.19999999999999
2015-07-13,54.91,81.9
2015-07-14,55.486,64.6
2015-07-15,57.829,97.0
2015-07-16,61.518,92.1
2015-07-17,60.627,99.5
2015-07-18,53.005,71.30000000000001
2015-07-19,56.924,129.0
2015-07-20,69.645,149.4
2015-07-21,63.428,67.69999999999999
2015-07-22,54.049,41.400000000000006
2015-07-23,50.267,35.800000000000004
2015-07-24,52.205,65.7
2015-07-25,50.051,63.39999999999999
2015-07-26,50.17,68.0
2015-07-27,58.771,133.4
2015-07-28,64.873,178.79999999999998
2015-07-29,70.865,177.0
2015-07-30,67.734,119.4
2015-07-31,60.733,72.1
2015-08-01,53.458,70.89999999999999
2015-08-02,52.145,66.5
2015-08-03,53.871,57.7
2015-08-04,48.808,21.0
2015-08-05,53.65,83.3
2015-08-06,55.447,84.10000000000001
2015-08-07,55.601,61.5
2015-08-08,49.355,46.7
2015-08-09,52.366,85.1
2015-08-10,54.998,58.400000000000006
2015-08-11,54.102,63.900000000000006
2015-08-12,54.62,77.5
2015-08-13,55.891,74.4
2015-08-14,55.133,86.89999999999999
2015-08-15,55.852,137.9
2015-08-16,60.917,182.6
2015-08-17,68.574,161.7
2015-08-18,61.732,84.9
2015-08-19,55.602,58.0
2015-08-20,53.044,42.8
2015-08-21,53.02,47.9
2015-08-22,50.725,63.400000000000006
2015-08-23,49.543,61.7
2015-08-24,55.077,77.4
2015-08-25,57.578,92.1
2015-08-26,60.256,119.6
2015-08-27,65.093,146.20000000000002
2015-08-28,66.47,141.39999999999998
2015-08-29,54.794,54.5
2015-08-30,48.864,67.5
2015-08-31,56.382,91.1
2015-09-01,56.854,73.80000000000001
2015-09-02,52.261,34.8
2015-09-03,49.578,32.9
2015-09-04,46.917,27.3
2015-09-05,43.077,50.5
2015-09-06,43.967,70.60000000000001
2015-09-07,49.438,99.2
2015-09-08,57.555,129.96666666666667
2015-09-09,63.764,168.5
2015-09-10,67.884,179.5
2015-09-11,64.633,140.20000000000002
2015-09-12,52.499,51.3
2015-09-13,54.656,95.0
2015-09-14,49.552,7.100000000000001
2015-09-15,46.158,9.4
2015-09-16,44.332,2.400000000000002
2015-09-17,46.38,27.6
2015-09-18,47.772,60.8
2015-09-19,48.315,88.5
2015-09-20,50.667,112.3
2015-09-21,57.678,139.6
2015-09-22,51.64,28.2
2015-09-23,48.749,53.900000000000006
2015-09-24,53.451,94.0
2015-09-25,54.718,95.6
2015-09-26,52.571,97.7
2015-09-27,49.371,73.30000000000001
2015-09-28,50.971,53.900000000000006
2015-09-29,45.854,16.0
2015-09-30,43.635,0.0
2015-10-01,44.028,13.1
2015-10-02,45.803,72.89999999999999
2015-10-03,42.059,33.9
2015-10-04,39.942,17.8
2015-10-05,44.835,26.450000000000003
2015-10-06,46.591,30.649999999999995
2015-10-07,47.698,43.3
2015-10-08,50.575,65.80000000000001
2015-10-09,50.784,74.6
2015-10-10,46.362,53.1
2015-10-11,45.656,61.000000000000014
2015-10-12,51.091,82.39999999999999
2015-10-13,53.891,103.7
2015-10-14,52.965,79.9
2015-10-15,51.148,56.7
2015-10-16,50.855,61.5
2015-10-17,41.718,5.299999999999997
2015-10-18,39.658,3.000000000000004
2015-10-19,43.173,11.499999999999996
2015-10-20,43.953,50.3
2015-10-21,43.888,35.5
2015-10-22,44.541,36.2
2015-10-23,43.297,23.2
2015-10-24,40.168,22.2
2015-10-25,39.873,20.5
2015-10-26,43.407,20.200000000000003
2015-10-27,42.69,0.3999999999999986
2015-10-28,42.98,2.3000000000000007
2015-10-29,42.806,25.3
2015-10-30,42.61,36.0
2015-10-31,40.049,38.6
2015-11-01,40.714,0.0
2015-11-02,41.069,0.0
2015-11-03,41.344,7.5666666666666655
2015-11-04,42.135,17.299999999999997
2015-11-05,43.162,44.05
2015-11-06,43.001,39.5
2015-11-07,40.393,37.3
2015-11-08,41.028,15.5
2015-11-09,44.801,10.349999999999998
2015-11-10,43.707,29.475
2015-11-11,43.948,66.985
2015-11-12,44.661,69.27761904761904
2015-11-13,43.924,51.46
2015-11-14,41.0,37.625
2015-11-15,41.627,11.699999999999998
2015-11-16,45.017,28.2
2015-11-17,45.289,44.9
2015-11-18,44.958,54.6
2015-11-19,44.174,35.00333333333333
2015-11-20,43.275,19.02
2015-11-21,40.497,21.517857142857142
2015-11-22,39.866,33.84047619047619
2015-11-23,42.73,20.06571428571429
2015-11-24,44.059,14.499999999999998
2015-11-25,45.378,107.7
2015-11-26,42.353,100.15
2015-11-27,42.631,85.1
2015-11-28,43.195,122.8
2015-11-29,44.465,150.29999999999998
2015-11-30,48.828,117.7
2015-12-01,47.236,95.5
2015-12-02,45.757,33.4
2015-12-03,47.026,34.099999999999994
2015-12-04,45.095,44.1
2015-12-05,43.898,61.76083333333333
2015-12-06,42.63,2.299999999999999
2015-12-07,44.489,3.359285714285715
2015-12-08,45.678,9.187500000000002
2015-12-09,45.261,0.0
2015-12-10,44.828,0.0
2015-12-11,44.518,28.4
2015-12-12,43.911,65.02678571428571
2015-12-13,44.187,32.5
2015-12-14,48.079,89.9
2015-12-15,48.186,71.1
2015-12-16,48.695,126.7
2015-12-17,47.411,71.0
2015-12-18,46.934,46.0
2015-12-19,43.984,43.095
2015-12-20,45.507,59.25416666666666
2015-12-21,48.415,16.191666666666666
2015-12-22,44.749,0.5999999999999996
2015-12-23,44.781,47.33333333333333
2015-12-24,45.551,72.1
2015-12-25,43.626,122.6
2015-12-26,44.644,127.2
2015-12-27,46.988,149.9
2015-12-28,47.87,114.5
2015-12-29,49.509,150.67333333333335
2015-12-30,49.026,130.16666666666666
2015-12-31,48.211,165.32916666666668
2016-01-01,46.376,139.5
2016-01-02,45.532,101.3
2016-01-03,42.941,64.5
2016-01-04,47.084,49.1
2016-01-05,46.344,6.799999999999997
2016-01-06,47.51,17.799999999999997
2016-01-07,46.835,57.03666666666666
2016-01-08,47.666,92.12333333333332
2016-01-09,44.649,23.5
2016-01-10,43.337,24.10833333333333
2016-01-11,46.421,29.075
2016-01-12,46.993,38.91333333333333
2016-01-13,46.522,10.0
2016-01-14,48.794,50.74285714285714
2016-01-15,45.866,23.216666666666665
2016-01-16,42.713,2.8999999999999986
2016-01-17,42.063,0.0
2016-01-18,43.136,0.0
2016-01-19,45.14,0.0
2016-01-20,44.384,13.886666666666668
2016-01-21,44.163,0.5500000000000007
2016-01-22,44.769,0.0
2016-01-23,41.708,2.299999999999999
2016-01-24,41.996,36.975
2016-01-25,44.468,19.65333333333333
2016-01-26,45.238,34.26071428571428
2016-01-27,44.818,30.57666666666666
2016-01-28,46.372,34.68666666666667
2016-01-29,45.173,0.0
2016-01-30,41.057,1.799999999999999
2016-01-31,42.279,17.599999999999994
2016-02-01,46.429,66.6
2016-02-02,47.354,75.3
2016-02-03,47.129,70.56666666666666
2016-02-04,45.04,46.2
2016-02-05,44.373,67.52
2016-02-06,41.147,46.675
2016-02-07,39.933,37.266666666666666
2016-02-08,42.914,34.42571428571428
2016-02-09,42.879,16.73333333333333
2016-02-10,42.968,19.004166666666663
2016-02-11,43.074,16.7
2016-02-12,42.841,20.65333333333333
2016-02-13,39.894,8.503333333333332
2016-02-14,39.301,18.099999999999994
2016-02-15,41.417,14.53333333333333
2016-02-16,43.04,10.13333333333333
2016-02-17,43.596,0.0
2016-02-18,43.639,5.666666666666666
2016-02-19,43.957,18.5
2016-02-20,40.643,30.60833333333333
2016-02-21,40.238,42.885714285714286
2016-02-22,43.381,27.36
2016-02-23,43.558,30.6
2016-02-24,43.339,22.1
2016-02-25,43.226,8.799999999999997
2016-02-26,42.672,3.4999999999999982
2016-02-27,39.419,5.68
2016-02-28,39.813,15.5
2016-02-29,42.835,9.199999999999998
2016-03-01,42.718,0.0
2016-03-02,42.626,2.5966666666666693
2016-03-03,42.78,0.0
2016-03-04,43.007,0.0
2016-03-05,40.764,0.0
2016-03-06,39.663,0.0
2016-03-07,44.551,23.54047619047619
2016-03-08,44.534,44.5
2016-03-09,43.588,4.599999999999998
2016-03-10,44.119,0.0
2016-03-11,44.597,0.0
2016-03-12,41.709,1.1999999999999993
2016-03-13,40.565,0.0
2016-03-14,43.006,2.799999999999999
2016-03-15,43.205,23.8
2016-03-16,43.051,17.799999999999997
2016-03-17,43.066,16.599999999999994
2016-03-18,42.8,2.1499999999999986
2016-03-19,39.454,0.0
2016-03-20,39.257,0.0
2016-03-21,42.903,0.0
2016-03-22,42.664,15.599999999999998
2016-03-23,42.304,13.4
2016-03-24,41.951,12.499999999999995
2016-03-25,40.748,8.999999999999998
2016-03-26,38.254,4.199999999999999
2016-03-27,37.049,0.0
2016-03-28,40.743,12.3
2016-03-29,41.439,13.399999999999997
2016-03-30,41.503,23.3
2016-03-31,41.107,2.599999999999998
2016-04-01,40.548,2.1999999999999997
2016-04-02,37.933,8.999999999999996
2016-04-03,37.562,7.399999999999999
2016-04-04,41.633,13.2
2016-04-05,42.368,28.2
2016-04-06,44.73,56.1
2016-04-07,43.382,4.299999999999997
2016-04-08,41.977,1.1999999999999993
2016-04-09,39.015,0.0
2016-04-10,38.166,0.0
2016-04-11,41.517,0.0
2016-04-12,41.334,0.0
2016-04-13,41.156,0.0
2016-04-14,40.792,0.0
2016-04-15,40.802,14.599999999999998
2016-04-16,38.895,36.7
2016-04-17,40.436,46.7
2016-04-18,46.457,63.0
2016-04-19,46.178,48.2
2016-04-20,44.232,22.0
2016-04-21,43.167,2.5
2016-04-22,41.308,0.0
2016-04-23,38.086,10.0
2016-04-24,37.92,1.5
2016-04-25,40.699,0.0
2016-04-26,41.404,2.1999999999999997
2016-04-27,41.311,2.299999999999999
2016-04-28,41.933,35.52055555555555
2016-04-29,41.754,12.299999999999995
2016-04-30,39.309,41.2
2016-05-01,41.44,48.2
2016-05-02,45.817,38.3
2016-05-03,45.732,42.2
2016-05-04,45.071,15.5
2016-05-05,42.443,0.0
2016-05-06,41.762,0.0
2016-05-07,38.872,0.0
2016-05-08,38.316,0.1999999999999993
2016-05-09,43.469,9.099999999999998
2016-05-10,46.127,58.2
2016-05-11,48.48,61.2
2016-05-12,49.974,60.900000000000006
2016-05-13,44.952,11.2
2016-05-14,40.3,11.799999999999995
2016-05-15,41.358,33.7
2016-05-16,47.289,66.39999999999999
2016-05-17,52.433,117.9
2016-05-18,56.784,111.1
2016-05-19,47.593,27.300000000000004
2016-05-20,41.214,0.0
2016-05-21,37.8,0.0
2016-05-22,37.624,1.799999999999999
2016-05-23,42.076,6.100000000000001
2016-05-24,43.379,4.200000000000003
2016-05-25,44.362,14.399999999999997
2016-05-26,46.528,36.400000000000006
2016-05-27,48.38,72.80000000000001
2016-05-28,46.834,84.0
2016-05-29,48.539,71.89999999999999
2016-05-30,53.095,107.9
2016-05-31,62.454,142.9
2016-06-01,62.747,103.3
2016-06-02,60.449,115.70000000000002
2016-06-03,64.445,171.5
2016-06-04,57.759,121.3
2016-06-05,57.865,111.0
2016-06-06,59.763,67.50000000000001
2016-06-07,54.751,42.1
2016-06-08,49.982,34.0
2016-06-09,48.851,24.7
2016-06-10,47.779,29.0
2016-06-11,46.011,75.6
2016-06-12,48.614,57.3
2016-06-13,48.351,21.500000000000004
2016-06-14,44.849,10.199999999999996
2016-06-15,41.991,0.0
2016-06-16,43.636,12.7
2016-06-17,45.848,14.999999999999996
2016-06-18,43.884,30.100000000000005
2016-06-19,47.67,90.1
2016-06-20,57.466,111.2
2016-06-21,61.465,133.1
2016-06-22,58.984,72.2
2016-06-23,55.481,69.60000000000001
2016-06-24,54.795,84.8
2016-06-25,57.553,138.9
2016-06-26,62.033,154.7
2016-06-27,70.946,179.7
2016-06-28,73.438,152.4
2016-06-29,67.897,92.1
2016-06-30,66.852,132.70000000000002
2016-07-01,66.793,92.09999999999998
2016-07-02,56.396,59.7
2016-07-03,53.241,69.9
2016-07-04,50.996,43.3
2016-07-05,51.966,30.9
2016-07-06,51.224,36.7
2016-07-07,51.097,31.8
2016-07-08,51.765,51.8
2016-07-09,49.381,45.0
2016-07-10,44.858,49.89999999999999
2016-07-11,54.905,82.30000000000001
2016-07-12,56.173,71.6
2016-07-13,63.107,140.0
2016-07-14,68.596,157.0
2016-07-15,63.778,93.3
2016-07-16,54.949,56.6
2016-07-17,49.017,35.3
2016-07-18,50.164,26.9
2016-07-19,51.703,48.1
2016-07-20,55.063,75.7
2016-07-21,54.189,59.4
2016-07-22,56.922,101.8
2016-07-23,60.262,153.6
2016-07-24,64.467,148.2
2016-07-25,65.919,113.9
2016-07-26,69.948,180.3
2016-07-27,73.228,160.39999999999998
2016-07-28,71.741,136.8
2016-07-29,70.46,139.9
2016-07-30,65.649,117.3
2016-07-31,57.624,81.1
2016-08-01,58.606,73.5
2016-08-02,59.604,83.19999999999999
2016-08-03,64.339,103.3
2016-08-04,53.246,26.3
2016-08-05,51.187,34.2
2016-08-06,49.853,44.7
2016-08-07,50.055,62.2
2016-08-08,57.209,68.7
2016-08-09,58.779,85.5
2016-08-10,60.175,71.30000000000001
2016-08-11,60.329,79.7
2016-08-12,61.78,100.6
2016-08-13,61.702,127.8
2016-08-14,62.607,128.2
2016-08-15,60.747,70.0
2016-08-16,62.731,88.69999999999999
2016-08-17,65.062,92.5
2016-08-18,64.328,90.2
2016-08-19,60.717,58.8
2016-08-20,56.362,61.2
2016-08-21,52.715,47.8
2016-08-22,54.954,44.1
2016-08-23,54.583,38.2
2016-08-24,55.099,53.1
2016-08-25,54.83,50.9
2016-08-26,51.72,28.4
2016-08-27,48.229,28.600000000000005
2016-08-28,48.814,54.2
2016-08-29,52.255,43.5
2016-08-30,56.201,70.8
2016-08-31,56.92,55.10000000000001
2016-09-01,54.905,45.5
2016-09-02,54.481,60.7
2016-09-03,48.29,27.1
2016-09-04,44.289,19.40000000000001
2016-09-05,48.137,54.8
2016-09-06,54.308,74.6
2016-09-07,58.232,109.6
2016-09-08,57.78,54.3
2016-09-09,56.335,71.0
2016-09-10,52.596,53.1
2016-09-11,46.615,7.699999999999999
2016-09-12,46.25,2.3000000000000007
2016-09-13,45.234,5.100000000000001
2016-09-14,47.422,29.7
2016-09-15,49.603,48.6
2016-09-16,51.464,62.900000000000006
2016-09-17,51.397,80.6
2016-09-18,54.996,111.5
2016-09-19,62.342,131.2
2016-09-20,57.372,67.5
2016-09-21,48.172,16.3
2016-09-22,45.23,6.599999999999998
2016-09-23,45.992,35.3
2016-09-24,47.302,67.80000000000001
2016-09-25,51.235,80.39999999999999
2016-09-26,59.071,100.3
2016-09-27,59.502,114.6
2016-09-28,58.005,74.10000000000001
2016-09-29,51.052,28.3
2016-09-30,45.606,2.3000000000000007
2016-10-01,41.621,17.199999999999996
2016-10-02,40.339,0.5999999999999996
2016-10-03,43.539,7.899999999999997
2016-10-04,43.627,1.4000000000000004
2016-10-05,43.871,16.199999999999996
2016-10-06,44.355,24.4
2016-10-07,44.87,38.89999999999999
2016-10-08,43.445,51.0
2016-10-09,43.558,56.0
2016-10-10,46.753,35.10000000000001
2016-10-11,44.861,6.4999999999999964
2016-10-12,44.366,5.199999999999999
2016-10-13,43.763,0.3999999999999986
2016-10-14,43.783,0.0
2016-10-15,40.549,0.1999999999999993
2016-10-16,40.634,0.0
2016-10-17,42.534,0.0
2016-10-18,42.323,7.299999999999997
2016-10-19,42.444,11.099999999999998
2016-10-20,43.43,25.4
2016-10-21,43.825,21.1
2016-10-22,40.716,5.899999999999999
2016-10-23,40.032,2.400000000000002
2016-10-24,43.561,0.0
2016-10-25,44.007,0.0
2016-10-26,44.203,8.799999999999997
2016-10-27,43.9,0.0
2016-10-28,43.923,0.0
2016-10-29,41.139,0.0
2016-10-30,40.749,0.0
2016-10-31,42.645,3.133333333333331
2016-11-01,42.831,0.0
2016-11-02,43.276,12.5
2016-11-03,43.49,7.199999999999999
2016-11-04,43.374,7.4999999999999964
2016-11-05,40.824,11.994523809523807
2016-11-06,42.399,0.0
2016-11-07,43.892,0.0
2016-11-08,44.238,4.100000000000001
2016-11-09,43.674,5.899999999999999
2016-11-10,43.304,3.599999999999998
2016-11-11,42.594,0.3199999999999985
2016-11-12,40.119,6.899999999999999
2016-11-13,38.905,1.8000000000000007
2016-11-14,42.217,8.2425
2016-11-15,42.142,0.0
2016-11-16,41.758,36.7
2016-11-17,42.825,66.2
2016-11-18,42.968,58.5
2016-11-19,41.542,0.5999999999999996
2016-11-20,40.219,0.0
2016-11-21,42.256,10.9
2016-11-22,43.554,37.11
2016-11-23,43.715,29.15
2016-11-24,41.512,81.69
2016-11-25,42.542,60.75666666666666
2016-11-26,43.401,24.498571428571427
2016-11-27,42.495,20.766666666666666
2016-11-28,46.507,24.95999999999999
2016-11-29,46.637,75.44642857142857
2016-11-30,47.07,61.385
2016-12-01,47.259,50.6
2016-12-02,47.255,29.4
2016-12-03,44.797,85.2
2016-12-04,44.965,76.59166666666667
2016-12-05,48.368,80.81666666666666
2016-12-06,47.768,102.99833333333332
2016-12-07,50.155,104.95
2016-12-08,48.86,50.28833333333333
2016-12-09,45.768,17.68333333333333
2016-12-10,43.323,1.7666666666666675
2016-12-11,43.625,44.99166666666667
2016-12-12,46.93,51.8
2016-12-13,46.859,22.3
2016-12-14,46.339,8.749999999999996
2016-12-15,47.373,0.0
2016-12-16,46.672,65.7
2016-12-17,47.533,135.95
2016-12-18,48.64,169.9
2016-12-19,51.352,161.7
2016-12-20,50.038,122.3
2016-12-21,47.633,80.7
2016-12-22,47.528,84.09333333333333
2016-12-23,48.119,40.76666666666666
2016-12-24,46.149,154.45666666666668
2016-12-25,45.919,177.04999999999998
2016-12-26,48.177,164.0
2016-12-27,49.359,148.4
2016-12-28,49.002,134.43333333333334
2016-12-29,47.907,118.66380952380952
2016-12-30,47.152,98.46833333333332
2016-12-31,44.553,56.65
2017-01-01,43.598,66.46666666666667
2017-01-02,45.873,60.675
2017-01-03,48.369,30.9
2017-01-04,47.126,11.299999999999995
2017-01-05,46.865,99.58333333333331
2017-01-06,49.982,151.4
2017-01-07,46.99,44.98
2017-01-08,44.609,0.0
2017-01-09,46.582,0.0
2017-01-10,48.72,0.0
2017-01-11,46.969,11.5
2017-01-12,48.966,63.13333333333333
2017-01-13,48.184,70.43095238095238
2017-01-14,46.518,134.67380952380952
2017-01-15,46.297,108.165
2017-01-16,48.354,90.73333333333332
2017-01-17,50.593,142.74333333333334
2017-01-18,50.908,49.69166666666666
2017-01-19,47.702,17.474999999999994
2017-01-20,48.86,23.299999999999997
2017-01-21,45.802,24.0
2017-01-22,45.839,28.308333333333326
2017-01-23,48.154,56.5
2017-01-24,48.266,78.48571428571428
2017-01-25,49.014,100.71666666666668
2017-01-26,47.719,57.85
2017-01-27,47.944,89.6
2017-01-28,44.868,98.0
2017-01-29,44.722,94.45
2017-01-30,47.551,90.12142857142857
2017-01-31,47.711,80.125
2017-02-01,47.921,43.1
2017-02-02,46.729,3.3999999999999986
2017-02-03,45.408,0.0
2017-02-04,42.466,0.0
2017-02-05,42.955,8.499999999999996
2017-02-06,46.998,0.0
2017-02-07,46.809,0.0
2017-02-08,46.105,0.0
2017-02-09,46.311,0.0
2017-02-10,45.273,0.0
2017-02-11,42.636,4.016666666666664
2017-02-12,42.19,27.2
2017-02-13,45.576,28.2
2017-02-14,44.758,29.495
2017-02-15,45.388,8.499999999999996
2017-02-16,44.889,0.0
2017-02-17,46.669,0.0
2017-02-18,42.483,3.3999999999999986
2017-02-19,43.127,12.999999999999996
2017-02-20,46.634,0.0
2017-02-21,46.064,0.5999999999999996
2017-02-22,45.741,64.06666666666666
2017-02-23,47.282,98.9
2017-02-24,47.286,89.8
2017-02-25,43.625,63.9
2017-02-26,43.64,71.6
2017-02-27,45.967,59.9
2017-02-28,46.09,80.6
2017-03-01,45.662,72.4
2017-03-02,44.896,59.0
2017-03-03,44.488,40.0
2017-03-04,41.616,8.499999999999996
2017-03-05,42.583,53.15
2017-03-06,47.133,52.23333333333333
2017-03-07,46.181,62.986666666666665
2017-03-08,44.709,38.8
2017-03-09,43.635,17.16333333333333
2017-03-10,43.656,0.0
2017-03-11,40.543,16.640476190476186
2017-03-12,37.794,8.499999999999996
2017-03-13,43.064,19.79999999999999
2017-03-14,44.285,20.6
2017-03-15,43.52,0.0
2017-03-16,43.118,0.1999999999999993
2017-03-17,43.248,14.499999999999995
2017-03-18,39.9,0.0
2017-03-19,39.465,0.0
2017-03-20,42.746,0.0
2017-03-21,43.284,0.0
2017-03-22,43.597,2.1999999999999997
2017-03-23,43.371,37.57833333333333
2017-03-24,44.661,0.0
2017-03-25,40.448,0.0
2017-03-26,40.382,3.9999999999999982
2017-03-27,42.639,9.099999999999998
2017-03-28,42.433,0.3999999999999986
2017-03-29,42.768,8.299999999999997
2017-03-30,42.514,0.0
2017-03-31,42.023,0.1999999999999993
2017-04-01,39.9,9.399999999999995
2017-04-02,40.211,21.700000000000003
2017-04-03,42.401,4.400000000000002
2017-04-04,43.001,3.400000000000002
2017-04-05,43.335,2.1000000000000014
2017-04-06,43.678,0.0
2017-04-07,44.762,0.25
2017-04-08,42.146,23.86666666666666
2017-04-09,40.389,48.3
2017-04-10,43.209,32.1
2017-04-11,43.395,0.0
2017-04-12,43.05,0.0
2017-04-13,42.439,6.799999999999998
2017-04-14,42.205,39.0
2017-04-15,40.202,26.6
2017-04-16,40.473,5.599999999999998
2017-04-17,44.762,0.0
2017-04-18,44.14,0.0
2017-04-19,43.412,3.9999999999999982
2017-04-20,43.731,0.0
2017-04-21,44.051,14.599999999999998
2017-04-22,40.982,0.0
2017-04-23,40.015,0.5999999999999996
2017-04-24,43.789,0.0
2017-04-25,43.9,0.0
2017-04-26,44.979,0.0
2017-04-27,44.072,9.099999999999998
2017-04-28,42.624,2.8000000000000007
2017-04-29,41.502,31.9
2017-04-30,42.955,40.60000000000001
2017-05-01,48.408,82.80000000000001
2017-05-02,53.894,97.7
2017-05-03,58.76,114.0
2017-05-04,57.965,57.5
2017-05-05,47.285,13.0
2017-05-06,40.484,2.3999999999999986
2017-05-07,40.813,2.0
2017-05-08,46.753,35.5
2017-05-09,50.396,57.6
2017-05-10,45.072,0.0
2017-05-11,43.65,0.0
2017-05-12,42.41,3.599999999999998
2017-05-13,39.46,12.299999999999995
2017-05-14,39.132,10.0
2017-05-15,43.192,13.699999999999994
2017-05-16,42.363,0.0
2017-05-17,43.112,16.999999999999993
2017-05-18,45.632,57.7
2017-05-19,50.948,82.9
2017-05-20,52.347,100.2
2017-05-21,55.389,119.9
2017-05-22,62.635,126.0
2017-05-23,63.992,104.3
2017-05-24,51.301,11.599999999999994
2017-05-25,45.428,0.0
2017-05-26,43.904,0.0
2017-05-27,41.706,2.1
2017-05-28,44.574,4.0
2017-05-29,46.115,25.0
2017-05-30,46.294,5.649999999999999
2017-05-31,47.086,22.1
2017-06-01,51.823,45.6
2017-06-02,55.254,77.9
2017-06-03,51.977,54.3
2017-06-04,49.007,44.4
2017-06-05,54.821,82.9
2017-06-06,56.359,61.8
2017-06-07,49.779,11.799999999999995
2017-06-08,45.899,0.0
2017-06-09,46.951,8.199999999999996
2017-06-10,41.997,6.800000000000001
2017-06-11,40.06,2.299999999999999
2017-06-12,44.558,5.800000000000001
2017-06-13,48.955,43.2
2017-06-14,55.455,80.4
2017-06-15,59.225,102.5
2017-06-16,68.339,162.70000000000002
2017-06-17,69.379,186.9
2017-06-18,75.216,251.4
2017-06-19,83.565,203.1
2017-06-20,81.962,170.4
2017-06-21,79.799,184.3
2017-06-22,83.947,223.5
2017-06-23,76.525,120.3
2017-06-24,65.114,85.0
2017-06-25,58.144,47.2
2017-06-26,54.203,32.7
2017-06-27,54.814,42.2
2017-06-28,56.133,54.6
2017-06-29,58.561,69.0
2017-06-30,57.855,67.60000000000001
2017-07-01,53.148,56.8
2017-07-02,55.694,68.3
2017-07-03,58.145,80.9
2017-07-04,56.903,89.3
2017-07-05,58.842,74.8
2017-07-06,66.356,138.5
2017-07-07,73.597,208.6
2017-07-08,71.286,170.29999999999998
2017-07-09,66.569,135.5
2017-07-10,70.202,107.8
2017-07-11,65.443,76.80000000000001
2017-07-12,64.329,90.6
2017-07-13,65.313,88.6
2017-07-14,65.643,100.6
2017-07-15,65.894,153.3
2017-07-16,72.321,194.7
2017-07-17,73.072,140.4
2017-07-18,62.657,59.6
2017-07-19,61.735,84.1
2017-07-20,62.093,77.0
2017-07-21,63.604,96.2
2017-07-22,64.526,138.8
2017-07-23,67.864,138.7
2017-07-24,64.065,71.4
2017-07-25,61.829,77.19999999999999
2017-07-26,63.919,97.8
2017-07-27,68.846,137.8
2017-07-28,70.476,112.3
2017-07-29,62.473,91.3
2017-07-30,62.09,103.1
2017-07-31,67.401,104.0
2017-08-01,72.475,146.7
2017-08-02,75.313,150.7
2017-08-03,73.265,141.4
2017-08-04,68.597,101.3
2017-08-05,61.89,69.5
2017-08-06,56.32,50.5
2017-08-07,59.669,56.6
2017-08-08,61.439,66.69999999999999
2017-08-09,59.919,51.6
2017-08-10,60.931,70.2
2017-08-11,63.893,94.1
2017-08-12,60.735,72.69999999999999
2017-08-13,55.555,54.60000000000001
2017-08-14,55.182,14.299999999999994
2017-08-15,53.131,26.9
2017-08-16,56.157,51.1
2017-08-17,61.266,70.20000000000002
2017-08-18,62.042,73.6
2017-08-19,57.92,56.7
2017-08-20,54.035,49.89999999999999
2017-08-21,54.247,26.4
2017-08-22,59.516,77.69999999999999
2017-08-23,64.129,87.1
2017-08-24,59.691,55.8
2017-08-25,60.047,94.2
2017-08-26,64.839,169.0
2017-08-27,69.83,194.1
2017-08-28,77.509,195.9
2017-08-29,71.91,97.3
2017-08-30,65.297,87.89999999999999
2017-08-31,65.094,135.0
2017-09-01,72.304,193.1
2017-09-02,72.474,201.7
2017-09-03,71.204,194.7
2017-09-04,66.219,116.1
2017-09-05,68.176,100.3
2017-09-06,67.229,84.30000000000001
2017-09-07,55.676,14.899999999999991
2017-09-08,57.911,59.6
2017-09-09,57.481,87.8
2017-09-10,62.263,139.6
2017-09-11,69.108,134.56666666666666
2017-09-12,68.179,92.2
2017-09-13,57.083,17.799999999999997
2017-09-14,50.183,11.799999999999995
2017-09-15,50.26,38.2
2017-09-16,48.41,45.3
2017-09-17,47.62,38.4
2017-09-18,49.888,26.800000000000004
2017-09-19,46.672,21.2
2017-09-20,46.915,12.7
2017-09-21,44.539,0.5999999999999979
2017-09-22,44.012,4.949999999999999
2017-09-23,41.323,27.000000000000004
2017-09-24,41.827,35.60000000000001
2017-09-25,46.663,47.5
2017-09-26,50.161,86.39999999999999
2017-09-27,52.021,73.0
2017-09-28,52.951,68.1
2017-09-29,49.745,31.4
2017-09-30,46.411,39.5
2017-10-01,43.163,35.1
2017-10-02,45.083,16.599999999999998
2017-10-03,44.194,38.900000000000006
2017-10-04,44.789,28.2
2017-10-05,44.81,37.699999999999996
2017-10-06,45.3,47.3
2017-10-07,42.929,43.0
2017-10-08,40.668,30.950000000000006
2017-10-09,44.296,28.200000000000003
2017-10-10,44.805,26.0
2017-10-11,43.554,8.499999999999996
2017-10-12,43.107,6.099999999999998
2017-10-13,42.907,36.0
2017-10-14,40.178,14.0
2017-10-15,40.176,39.699999999999996
2017-10-16,43.601,37.0
2017-10-17,43.779,25.299999999999997
2017-10-18,43.714,33.7
2017-10-19,43.167,0.0
2017-10-20,42.234,4.599999999999998
2017-10-21,39.551,24.9
2017-10-22,39.332,18.999999999999996
2017-10-23,44.001,27.5
2017-10-24,45.965,41.2
2017-10-25,46.42,48.2
2017-10-26,46.563,46.900000000000006
2017-10-27,45.475,41.7
2017-10-28,42.007,38.400000000000006
2017-10-29,40.492,11.399999999999995
2017-10-30,42.061,0.0
2017-10-31,41.866,14.499999999999998
2017-11-01,41.155,3.899999999999999
2017-11-02,42.022,0.0
2017-11-03,41.795,0.0
2017-11-04,39.464,0.5999999999999996
2017-11-05,40.37,36.4
2017-11-06,42.201,41.0
2017-11-07,42.688,47.2
2017-11-08,42.931,17.2
2017-11-09,41.945,0.0
2017-11-10,41.115,0.0
2017-11-11,38.704,24.32619047619048
2017-11-12,38.677,6.899999999999997
2017-11-13,41.881,0.0
2017-11-14,41.121,1.0
2017-11-15,42.853,0.0
2017-11-16,42.749,0.0
2017-11-17,42.679,7.299999999999998
2017-11-18,41.815,51.1
2017-11-19,41.96,46.3
2017-11-20,44.986,0.0
2017-11-21,43.694,0.0
2017-11-22,44.205,3.821428571428573
2017-11-23,40.8,0.0
2017-11-24,40.6,0.0
2017-11-25,40.646,0.0
2017-11-26,42.217,0.0
2017-11-27,44.263,15.799999999999995
2017-11-28,45.673,48.36666666666667
2017-11-29,46.207,54.0
2017-11-30,45.873,67.82
2017-12-01,45.97,69.35309523809524
2017-12-02,44.348,52.65
2017-12-03,42.81,20.7
2017-12-04,47.252,37.7
2017-12-05,47.634,60.4
2017-12-06,48.01,100.5
2017-12-07,47.912,99.4
2017-12-08,47.285,92.4
2017-12-09,45.036,106.475
2017-12-10,45.051,111.45
2017-12-11,48.146,111.27333333333334
2017-12-12,48.613,120.0
2017-12-13,48.852,115.3
2017-12-14,48.205,103.6
2017-12-15,48.074,77.27166666666666
2017-12-16,44.369,13.4
2017-12-17,43.771,30.7
2017-12-18,47.516,87.8
2017-12-19,48.713,71.2
2017-12-20,47.027,49.79166666666666
2017-12-21,49.178,92.7
2017-12-22,49.313,114.2
2017-12-23,45.682,73.3
2017-12-24,44.105,50.5
2017-12-25,42.211,70.5
2017-12-26,45.139,92.33833333333334
2017-12-27,46.563,102.39166666666668
2017-12-28,46.35,99.61666666666667
2017-12-29,45.822,98.35428571428572
2017-12-30,43.951,101.60666666666668
2017-12-31,43.082,75.8
2018-01-01,41.308,55.9
2018-01-02,44.897,49.0
2018-01-03,45.093,26.3
2018-01-04,44.015,0.0
2018-01-05,44.084,0.0
2018-01-06,41.393,19.222857142857137
2018-01-07,43.529,49.14333333333333
2018-01-08,47.197,5.749999999999998
2018-01-09,46.495,0.0
2018-01-10,46.102,13.54
2018-01-11,46.109,33.62
2018-01-12,46.306,24.64761904761904
2018-01-13,43.861,19.7
2018-01-14,42.682,4.58333333333333
2018-01-15,46.039,25.69999999999999
2018-01-16,46.033,4.839999999999996
2018-01-17,46.167,1.799999999999999
2018-01-18,46.31,2.3999999999999986
2018-01-19,45.18,29.399999999999995
2018-01-20,44.213,78.5
2018-01-21,45.091,73.1
2018-01-22,47.243,24.149999999999988
2018-01-23,45.319,34.37
2018-01-24,47.442,41.55714285714286
2018-01-25,46.94,46.975
2018-01-26,47.106,94.28333333333332
2018-01-27,42.887,32.3
2018-01-28,42.257,57.95
2018-01-29,46.111,51.891666666666666
2018-01-30,45.758,46.55
2018-01-31,44.982,60.763333333333335
2018-02-01,43.872,23.9
2018-02-02,43.408,26.8
2018-02-03,40.716,33.175
2018-02-04,39.845,17.25
2018-02-05,42.979,26.14333333333333
2018-02-06,42.964,11.799999999999997
2018-02-07,43.106,20.0
2018-02-08,43.231,26.69642857142857
2018-02-09,42.928,26.700000000000003
2018-02-10,39.998,18.5
2018-02-11,41.483,62.1
2018-02-12,44.406,59.6
2018-02-13,44.035,56.0
2018-02-14,44.967,76.1
2018-02-15,44.533,65.2
2018-02-16,44.06,79.9
2018-02-17,40.645,49.5
2018-02-18,39.301,27.4
2018-02-19,43.809,121.0
2018-02-20,46.409,120.7
2018-02-21,45.435,88.8
2018-02-22,45.833,101.9
2018-02-23,46.52,127.87
2018-02-24,43.774,115.0
2018-02-25,41.249,61.3
2018-02-26,46.183,64.45166666666667
2018-02-27,45.814,67.1
2018-02-28,45.356,59.0
2018-03-01,46.68,22.30904761904761
2018-03-02,46.751,79.3
2018-03-03,43.525,88.43333333333334
2018-03-04,42.287,92.47
2018-03-05,45.137,85.7
2018-03-06,44.458,62.7
2018-03-07,43.913,16.199999999999996
2018-03-08,42.709,0.0
2018-03-09,42.144,1.6999999999999993
2018-03-10,40.403,4.359999999999999
2018-03-11,37.662,32.444761904761904
2018-03-12,42.066,5.100000000000001
2018-03-13,43.16,0.0
2018-03-14,43.549,18.499999999999996
2018-03-15,45.819,51.35
2018-03-16,44.364,22.999999999999996
2018-03-17,42.16,57.1
2018-03-18,41.969,70.0
2018-03-19,43.103,40.7
2018-03-20,44.132,0.0
2018-03-21,44.235,0.0
2018-03-22,42.75,9.4
2018-03-23,43.011,50.9
2018-03-24,40.55,21.566666666666663
2018-03-25,39.887,48.9
2018-03-26,42.708,36.1
2018-03-27,42.202,17.099999999999994
2018-03-28,42.164,25.3
2018-03-29,42.315,30.0
2018-03-30,42.33,20.800000000000004
2018-03-31,39.731,12.4
2018-04-01,37.888,18.099999999999998
2018-04-02,41.25,6.000000000000004
2018-04-03,41.484,23.999999999999996
2018-04-04,41.107,0.1999999999999993
2018-04-05,40.958,0.0
2018-04-06,42.177,0.0
2018-04-07,38.255,0.0
2018-04-08,37.417,9.499999999999998
2018-04-09,41.387,9.399999999999999
2018-04-10,41.397,0.0
2018-04-11,40.371,8.099999999999996
2018-04-12,40.206,40.1
2018-04-13,40.208,20.7
2018-04-14,37.453,10.7
2018-04-15,36.892,1.6999999999999993
2018-04-16,41.815,31.85833333333333
2018-04-17,41.237,44.5
2018-04-18,40.734,19.5
2018-04-19,40.377,45.1
2018-04-20,40.344,31.6
2018-04-21,38.679,28.200000000000003
2018-04-22,39.912,45.1
2018-04-23,44.527,47.8
2018-04-24,44.345,27.9
2018-04-25,43.284,21.0
2018-04-26,41.125,0.1999999999999993
2018-04-27,39.732,0.0
2018-04-28,37.169,2.3999999999999986
2018-04-29,36.937,8.899999999999999
2018-04-30,39.95,4.999999999999998
2018-05-01,40.584,21.1
2018-05-02,41.18,9.899999999999995
2018-05-03,41.296,2.6000000000000014
2018-05-04,43.455,38.6
2018-05-05,40.091,16.3
2018-05-06,37.919,5.899999999999999
2018-05-07,44.818,47.1
2018-05-08,46.849,37.9
2018-05-09,45.202,17.1
2018-05-10,45.556,31.3
2018-05-11,43.333,45.1
2018-05-12,42.099,36.95
2018-05-13,38.961,0.3999999999999986
2018-05-14,42.268,0.1999999999999993
2018-05-15,41.744,0.5999999999999979
2018-05-16,40.998,0.0
2018-05-17,42.567,17.6
2018-05-18,43.508,15.800000000000004
2018-05-19,40.275,8.799999999999997
2018-05-20,38.572,0.1999999999999993
2018-05-21,44.049,21.6
2018-05-22,44.299,4.300000000000001
2018-05-23,43.112,0.0
2018-05-24,43.462,0.8000000000000007
2018-05-25,41.949,0.0
2018-05-26,38.073,4.199999999999999
2018-05-27,40.869,62.5
2018-05-28,50.281,112.0
2018-05-29,59.716,102.3
2018-05-30,44.987,0.8000000000000007
2018-05-31,41.469,0.3999999999999986
2018-06-01,45.047,52.7
2018-06-02,51.394,114.7
2018-06-03,57.711,123.0
2018-06-04,56.157,63.6
2018-06-05,49.008,37.7
2018-06-06,46.407,15.2
2018-06-07,46.876,23.4
2018-06-08,49.772,55.5
2018-06-09,43.332,23.1
2018-06-10,41.186,34.900000000000006
2018-06-11,50.575,81.1
2018-06-12,60.292,121.6
2018-06-13,63.36,108.8
2018-06-14,56.715,58.900000000000006
2018-06-15,51.53,26.5
2018-06-16,44.405,16.8
2018-06-17,41.182,11.799999999999995
2018-06-18,50.75,54.9
2018-06-19,55.026,69.5
2018-06-20,53.201,47.6
2018-06-21,54.125,80.1
2018-06-22,61.894,150.7
2018-06-23,62.46,178.4
2018-06-24,59.164,68.60000000000001
2018-06-25,52.704,32.5
2018-06-26,56.354,71.5
2018-06-27,52.652,32.300000000000004
2018-06-28,52.284,53.7
2018-06-29,58.331,123.2
2018-06-30,58.598,168.6
2018-07-01,57.144,85.2
2018-07-02,58.246,51.8
2018-07-03,57.436,34.5
2018-07-04,49.997,9.099999999999998
2018-07-05,55.293,72.8
2018-07-06,64.133,105.9
2018-07-07,63.805,118.6
2018-07-08,57.231,95.2
2018-07-09,63.205,116.3
2018-07-10,64.1,122.8
2018-07-11,65.202,112.2
2018-07-12,65.348,120.5
2018-07-13,63.63,111.7
2018-07-14,62.97,97.85
2018-07-15,56.764,74.0
2018-07-16,63.852,97.6
2018-07-17,66.965,111.7
2018-07-18,70.938,125.2
2018-07-19,69.813,113.9
2018-07-20,65.465,98.2
2018-07-21,62.573,98.8
2018-07-22,60.468,91.1
2018-07-23,68.695,109.1
2018-07-24,69.869,115.9
2018-07-25,72.316,144.0
2018-07-26,70.479,110.1
2018-07-27,63.11,84.3
2018-07-28,59.08,102.8
2018-07-29,50.486,52.7
2018-07-30,59.014,90.4
2018-07-31,63.33,87.1
2018-08-01,62.122,73.19999999999999
2018-08-02,59.638,72.9
2018-08-03,59.121,92.3
2018-08-04,58.506,104.53333333333332
2018-08-05,53.47,72.7
2018-08-06,59.4,90.7
2018-08-07,58.698,61.400000000000006
2018-08-08,60.23,78.69999999999999
2018-08-09,64.913,133.20000000000002
2018-08-10,67.117,124.3
2018-08-11,63.36,111.4
2018-08-12,59.692,96.9
2018-08-13,60.819,65.2
2018-08-14,55.43,37.3
2018-08-15,54.957,42.8
2018-08-16,58.549,76.9
2018-08-17,62.858,113.6
2018-08-18,62.158,120.7
2018-08-19,58.743,94.79999999999998
2018-08-20,58.206,52.0
2018-08-21,50.12,7.199999999999999
2018-08-22,51.619,34.6
2018-08-23,51.357,25.200000000000003
2018-08-24,49.583,21.500000000000004
2018-08-25,48.424,48.1
2018-08-26,47.275,34.5
2018-08-27,49.785,19.550000000000004
2018-08-28,49.244,10.899999999999997
2018-08-29,50.052,24.8
2018-08-30,49.183,15.4
2018-08-31,50.989,53.7
2018-09-01,50.513,65.20000000000002
2018-09-02,52.749,82.3
2018-09-03,52.76,56.9
2018-09-04,55.136,60.5
2018-09-05,54.432,46.4
2018-09-06,52.225,56.1
2018-09-07,57.163,96.7
2018-09-08,54.268,81.3
2018-09-09,52.454,87.39999999999999
2018-09-10,56.231,82.5
2018-09-11,54.509,55.10000000000001
2018-09-12,47.495,7.899999999999999
2018-09-13,47.386,19.600000000000005
2018-09-14,46.797,25.300000000000004
2018-09-15,42.908,12.899999999999997
2018-09-16,42.297,22.8
2018-09-17,46.518,23.3
2018-09-18,46.531,27.7
2018-09-19,48.061,55.0
2018-09-20,49.521,64.4
2018-09-21,51.803,78.5
2018-09-22,48.761,62.3
2018-09-23,48.176,59.0
2018-09-24,50.984,71.19999999999999
2018-09-25,51.955,84.1
2018-09-26,53.45,86.5
2018-09-27,53.883,82.69999999999999
2018-09-28,47.233,10.699999999999996
2018-09-29,41.935,4.199999999999999
2018-09-30,43.398,19.0
2018-10-01,47.195,25.200000000000006
2018-10-02,49.337,42.7
2018-10-03,48.089,21.275
2018-10-04,45.513,4.400000000000002
2018-10-05,44.213,14.1
2018-10-06,41.384,25.5
2018-10-07,39.981,28.7
2018-10-08,44.335,34.9
2018-10-09,45.802,29.5
2018-10-10,44.206,10.199999999999998
2018-10-11,43.662,9.999999999999996
2018-10-12,44.026,45.19999999999999
2018-10-13,41.14,38.5
2018-10-14,39.724,41.099999999999994
2018-10-15,42.721,30.0
2018-10-16,43.165,38.5
2018-10-17,43.378,33.099999999999994
2018-10-18,43.389,25.4
2018-10-19,43.415,37.199999999999996
2018-10-20,40.716,31.700000000000003
2018-10-21,40.017,28.4
2018-10-22,42.702,11.7
2018-10-23,42.183,0.0
2018-10-24,42.383,21.79999999999999
2018-10-25,42.822,26.299999999999997
2018-10-26,43.114,19.000000000000007
2018-10-27,40.894,20.40000000000001
2018-10-28,40.274,12.8
2018-10-29,41.591,4.9
2018-10-30,41.754,9.599999999999994
2018-10-31,41.398,16.999999999999996
2018-11-01,42.376,29.2
2018-11-02,42.928,18.700000000000003
2018-11-03,40.407,27.700000000000006
2018-11-04,41.812,17.300000000000004
2018-11-05,42.905,19.4
2018-11-06,42.644,21.4
2018-11-07,42.18,35.2
2018-11-08,42.156,3.8000000000000016
2018-11-09,42.694,66.0
2018-11-10,40.767,85.1
2018-11-11,40.109,93.69
2018-11-12,42.865,86.15
2018-11-13,43.853,79.01666666666667
2018-11-14,44.582,102.8
2018-11-15,44.319,100.6
2018-11-16,43.962,103.48333333333332
2018-11-17,41.231,91.85833333333332
2018-11-18,40.601,101.95
2018-11-19,43.746,84.25
2018-11-20,43.837,75.55
2018-11-21,44.45,13.599999999999998
2018-11-22,38.667,0.0
2018-11-23,40.156,0.0
2018-11-24,38.827,0.0
2018-11-25,38.565,21.385
2018-11-26,42.474,27.148095238095237
2018-11-27,43.844,4.333333333333332
2018-11-28,42.859,0.0
2018-11-29,44.674,2.299999999999999
2018-11-30,43.248,49.71666666666666
2018-12-01,42.414,43.36666666666666
2018-12-02,43.049,85.925
2018-12-03,47.066,78.94880952380952
2018-12-04,46.831,27.2
2018-12-05,45.434,9.799999999999995
2018-12-06,44.5,29.899999999999995
2018-12-07,45.325,78.28333333333333
2018-12-08,43.06,69.3797619047619
2018-12-09,43.931,52.861666666666665
2018-12-10,45.679,28.919999999999995
2018-12-11,45.984,64.38
2018-12-12,45.366,40.266666666666666
2018-12-13,45.665,64.775
2018-12-14,46.194,38.5
2018-12-15,42.444,30.96880952380952
2018-12-16,44.082,21.7
2018-12-17,44.437,4.499999999999998
2018-12-18,45.122,29.055
2018-12-19,44.941,4.616666666666665
2018-12-20,45.706,2.130000000000001
2018-12-21,45.365,7.013333333333328
2018-12-22,43.782,48.4
2018-12-23,42.308,19.8
2018-12-24,44.058,5.899999999999999
2018-12-25,40.415,23.075
2018-12-26,44.134,61.0
2018-12-27,45.299,63.5
2018-12-28,45.726,62.9
2018-12-29,44.031,106.4
2018-12-30,42.774,87.85
2018-12-31,44.53,49.5
2019-01-01,43.35,91.8
2019-01-02,46.609,133.5
2019-01-03,47.406,126.95
2019-01-04,46.802,124.39166666666668
2019-01-05,46.378,71.46666666666667
2019-01-06,44.699,32.04142857142857
2019-01-07,44.685,2.6999999999999997
2019-01-08,45.601,18.95
2019-01-09,44.097,0.0
2019-01-10,44.46,19.33333333333333
2019-01-11,44.057,6.93333333333333
2019-01-12,41.704,37.88333333333333
2019-01-13,41.582,52.49214285714285
2019-01-14,46.225,39.3
2019-01-15,45.717,10.599999999999998
2019-01-16,45.903,0.0
2019-01-17,44.361,0.0
2019-01-18,43.697,0.0
2019-01-19,40.31,0.0
2019-01-20,40.343,5.099999999999998
2019-01-21,43.7,48.5
2019-01-22,45.372,49.4
2019-01-23,45.327,67.2
2019-01-24,44.24,78.28666666666666
2019-01-25,43.868,76.98333333333333
2019-01-26,41.362,62.92666666666666
2019-01-27,39.806,33.82333333333334
2019-01-28,42.702,13.624999999999996
2019-01-29,42.138,7.416666666666664
2019-01-30,42.02,14.969999999999995
2019-01-31,41.595,6.714999999999998
2019-02-01,41.141,0.0
2019-02-02,40.594,0.0
2019-02-03,40.841,1.1999999999999993
2019-02-04,44.632,46.725
2019-02-05,45.746,119.76666666666668
2019-02-06,45.935,119.8
2019-02-07,46.524,120.6
2019-02-08,45.291,72.46666666666667
2019-02-09,43.09,50.05833333333333
2019-02-10,41.926,80.1
2019-02-11,45.706,111.7
2019-02-12,47.627,83.1
2019-02-13,45.901,6.4833333333333325
2019-02-14,43.701,1.0999999999999996
2019-02-15,45.274,46.383333333333326
2019-02-16,42.388,53.9
2019-02-17,42.52,91.12
2019-02-18,44.983,78.2
2019-02-19,46.094,79.4
2019-02-20,45.236,58.9
2019-02-21,45.92,64.5
2019-02-22,45.611,88.5
2019-02-23,43.969,75.0
2019-02-24,41.481,23.3
2019-02-25,45.329,9.599999999999996
2019-02-26,46.623,0.0
2019-02-27,45.051,0.0
2019-02-28,43.448,8.999999999999996
2019-03-01,43.326,13.9
2019-03-02,41.944,3.7333333333333343
2019-03-03,40.35,0.0
2019-03-04,42.294,0.0
2019-03-05,44.067,0.5999999999999996
2019-03-06,43.108,0.0
2019-03-07,43.675,7.299999999999998
2019-03-08,42.967,41.0
2019-03-09,42.014,36.1
2019-03-10,37.257,19.5
2019-03-11,40.682,31.7
2019-03-12,40.634,30.6
2019-03-13,41.116,18.099999999999994
2019-03-14,40.598,32.3
2019-03-15,39.793,33.9
2019-03-16,36.959,32.9
2019-03-17,36.455,21.7
2019-03-18,38.707,22.6
2019-03-19,39.567,4.599999999999998
2019-03-20,40.109,1.6999999999999993
2019-03-21,39.537,32.1
2019-03-22,40.991,10.099999999999998
2019-03-23,37.952,0.5999999999999996
2019-03-24,37.248,27.9
2019-03-25,41.152,7.299999999999999
2019-03-26,39.646,0.0
2019-03-27,39.814,1.0999999999999996
2019-03-28,40.144,16.799999999999997
2019-03-29,40.458,32.5
2019-03-30,38.232,21.2
2019-03-31,36.811,18.979999999999997
2019-04-01,41.803,0.0
2019-04-02,41.829,0.0
2019-04-03,42.178,0.0
2019-04-04,42.78,0.0
2019-04-05,40.938,0.0
2019-04-06,37.983,0.0
2019-04-07,37.674,0.1999999999999993
2019-04-08,42.706,0.3999999999999986
2019-04-09,41.154,0.0
2019-04-10,40.338,3.3999999999999986
2019-04-11,41.328,0.0
2019-04-12,40.226,6.100000000000001
2019-04-13,37.339,14.199999999999996
2019-04-14,36.969,0.0
2019-04-15,42.879,2.1
2019-04-16,41.035,0.0
2019-04-17,41.144,19.599999999999998
2019-04-18,43.66,33.10000000000001
2019-04-19,45.581,31.6
2019-04-20,38.612,0.0
2019-04-21,35.249,23.9
2019-04-22,42.599,53.5
2019-04-23,45.842,62.2
2019-04-24,48.218,78.4
2019-04-25,49.058,50.3
2019-04-26,47.556,44.8
2019-04-27,42.703,8.7
2019-04-28,38.971,10.199999999999996
2019-04-29,42.612,3.200000000000003
2019-04-30,41.119,0.3999999999999986
2019-05-01,40.707,26.299999999999997
2019-05-02,42.142,32.4
2019-05-03,42.335,36.1
2019-05-04,40.117,19.700000000000003
2019-05-05,36.379,2.4999999999999982
2019-05-06,39.117,0.0
2019-05-07,41.548,4.900000000000002
2019-05-08,43.202,16.900000000000002
2019-05-09,42.311,2.400000000000002
2019-05-10,42.937,40.2
2019-05-11,41.404,19.9
2019-05-12,39.826,18.9
2019-05-13,44.598,19.200000000000003
2019-05-14,44.147,0.0
2019-05-15,42.529,0.0
2019-05-16,39.096,0.0
2019-05-17,39.835,0.0
2019-05-18,37.525,0.0
2019-05-19,36.28,3.6999999999999993
2019-05-20,40.256,17.032380952380947
2019-05-21,39.92,0.0
2019-05-22,37.319,10.349999999999994
2019-05-23,41.272,10.699999999999996
2019-05-24,41.147,5.200000000000003
2019-05-25,37.39,0.0
2019-05-26,35.534,0.0
2019-05-27,37.047,0.0
2019-05-28,41.196,28.6
2019-05-29,45.596,43.900000000000006
2019-05-30,44.519,16.500000000000004
2019-05-31,47.497,68.9
2019-06-01,49.666,73.80000000000001
2019-06-02,47.133,26.2
2019-06-03,53.579,66.7
2019-06-04,61.862,124.7
2019-06-05,67.366,124.29999999999998
2019-06-06,51.843,32.599999999999994
2019-06-07,44.388,25.000000000000004
2019-06-08,43.571,64.69999999999999
2019-06-09,49.846,99.6
2019-06-10,64.23,150.40000000000003
2019-06-11,69.028,182.7
2019-06-12,70.858,164.6
2019-06-13,60.035,50.39999999999999
2019-06-14,54.101,41.4
2019-06-15,45.853,12.4
2019-06-16,46.832,42.5
2019-06-17,57.352,79.69999999999999
2019-06-18,65.816,122.4
2019-06-19,60.693,75.80000000000001
2019-06-20,51.092,42.6
2019-06-21,49.98,72.2
2019-06-22,51.886,113.3
2019-06-23,57.901,113.0
2019-06-24,60.781,78.6
2019-06-25,58.18,68.3
2019-06-26,49.116,19.0
2019-06-27,46.422,19.6
2019-06-28,48.897,46.0
2019-06-29,47.31,55.2
2019-06-30,49.165,61.0
2019-07-01,51.293,51.1
2019-07-02,52.747,56.3
2019-07-03,53.812,60.0
2019-07-04,51.092,77.6
2019-07-05,56.815,84.8
2019-07-06,54.823,77.0
2019-07-07,48.889,36.9
2019-07-08,48.287,19.000000000000004
2019-07-09,50.079,35.1
2019-07-10,55.635,64.80000000000001
2019-07-11,59.573,84.8
2019-07-12,62.251,100.1
2019-07-13,60.592,98.6
2019-07-14,57.425,79.9
2019-07-15,63.198,100.7
2019-07-16,60.742,74.4
2019-07-17,61.378,99.79999999999998
2019-07-18,61.714,57.9
2019-07-19,56.883,57.25
2019-07-20,51.788,46.7
2019-07-21,54.384,86.6
2019-07-22,66.293,127.3
2019-07-23,65.673,98.9
2019-07-24,63.573,147.5
2019-07-25,69.661,132.10000000000002
2019-07-26,64.868,96.2
2019-07-27,65.469,161.5
2019-07-28,70.351,167.6
2019-07-29,63.324,59.6
2019-07-30,56.576,51.8
2019-07-31,59.102,82.5
2019-08-01,58.281,55.0
2019-08-02,60.418,91.0
2019-08-03,62.405,117.2
2019-08-04,60.095,90.29999999999998
2019-08-05,59.937,98.29999999999998
2019-08-06,65.578,102.8
2019-08-07,60.861,61.10000000000001
2019-08-08,53.606,28.3
2019-08-09,51.396,46.2
2019-08-10,49.865,48.60000000000001
2019-08-11,49.794,83.0
2019-08-12,59.573,116.2
2019-08-13,64.057,138.6
2019-08-14,69.885,174.29999999999998
2019-08-15,74.353,195.4
2019-08-16,74.306,139.7
2019-08-17,58.509,48.2
2019-08-18,50.447,37.5
2019-08-19,53.638,38.3
2019-08-20,54.231,48.3
2019-08-21,59.282,104.7
2019-08-22,67.45,142.1
2019-08-23,67.87,112.3
2019-08-24,61.446,115.3
2019-08-25,64.435,138.3
2019-08-26,69.111,138.20000000000002
2019-08-27,67.498,112.6
2019-08-28,61.67,54.4
2019-08-29,55.407,54.5
2019-08-30,57.758,85.1
2019-08-31,57.852,120.4
2019-09-01,58.614,125.8
2019-09-02,61.139,99.4
2019-09-03,59.566,83.79999999999998
2019-09-04,62.412,118.7
2019-09-05,59.632,55.5
2019-09-06,56.615,70.5
2019-09-07,45.754,10.099999999999994
2019-09-08,46.556,34.0
2019-09-09,50.428,37.2
2019-09-10,48.005,29.700000000000003
2019-09-11,50.656,66.3
2019-09-12,55.306,88.3
2019-09-13,58.533,115.3
2019-09-14,56.833,115.8
2019-09-15,48.788,39.8
2019-09-16,47.197,16.399999999999995
2019-09-17,45.559,28.5
2019-09-18,45.157,15.499999999999996
2019-09-19,45.192,21.2
2019-09-20,47.141,49.4
2019-09-21,45.207,56.2
2019-09-22,45.776,57.89999999999999
2019-09-23,51.679,85.4
2019-09-24,56.127,123.4
2019-09-25,61.047,139.3
2019-09-26,58.336,56.6
2019-09-27,47.012,1.900000000000002
2019-09-28,40.117,0.0
2019-09-29,38.328,9.999999999999998
2019-09-30,41.105,1.1999999999999993
2019-10-01,41.602,12.499999999999998
2019-10-02,41.924,31.199999999999996
2019-10-03,42.083,14.099999999999998
2019-10-04,41.252,26.9
2019-10-05,39.11,34.39999999999999
2019-10-06,39.227,38.89999999999999
2019-10-07,43.704,47.1
2019-10-08,44.518,51.1
2019-10-09,40.97,7.9999999999999964
2019-10-10,39.019,14.1
2019-10-11,40.57,24.199999999999996
2019-10-12,36.51,29.099999999999998
2019-10-13,35.952,22.500000000000004
2019-10-14,39.251,36.0
2019-10-15,39.667,33.6
2019-10-16,41.074,7.6
2019-10-17,40.919,4.100000000000001
2019-10-18,40.224,11.6
2019-10-19,37.646,0.1999999999999993
2019-10-20,37.184,15.8
2019-10-21,41.503,53.10000000000001
2019-10-22,42.334,36.099999999999994
2019-10-23,42.729,60.9
2019-10-24,42.836,60.900000000000006
2019-10-25,42.455,42.4
2019-10-26,38.736,28.8
2019-10-27,37.019,3.0
2019-10-28,40.091,26.966666666666665
2019-10-29,40.105,39.65
2019-10-30,39.181,23.8
2019-10-31,40.927,53.96666666666667
2019-11-01,40.597,57.699999999999996
2019-11-02,38.18,50.19999999999999
2019-11-03,39.145,38.349999999999994
2019-11-04,40.167,28.699999999999996
2019-11-05,42.105,33.5
2019-11-06,39.611,21.5
2019-11-07,37.903,29.849999999999998
2019-11-08,42.563,39.4
2019-11-09,38.965,37.55
2019-11-10,37.993,10.899999999999999
2019-11-11,41.074,19.4
2019-11-12,41.601,15.399999999999995
2019-11-13,41.734,13.7
2019-11-14,41.385,0.0
2019-11-15,41.559,0.5999999999999996
2019-11-16,39.095,11.541666666666664
2019-11-17,38.841,15.599999999999998
2019-11-18,42.589,19.13333333333333
2019-11-19,41.832,1.0999999999999996
2019-11-20,39.978,1.6999999999999993
2019-11-21,42.837,25.0
2019-11-22,42.904,40.6
2019-11-23,39.573,43.8
2019-11-24,40.001,55.0
2019-11-25,42.945,44.5
2019-11-26,46.292,66.0
2019-11-27,45.43,58.958333333333336
2019-11-28,41.27,82.1
2019-11-29,41.621,99.4
2019-11-30,43.267,54.43333333333333
2019-12-01,43.077,1.5333333333333314
2019-12-02,45.223,0.0
2019-12-03,45.127,0.3000000000000007
2019-12-04,46.246,0.0
2019-12-05,42.324,0.0
2019-12-06,43.487,4.499999999999998
2019-12-07,41.864,0.0
2019-12-08,40.694,0.7249999999999996
2019-12-09,42.343,33.086904761904755
2019-12-10,45.65,23.71785714285714
2019-12-11,45.395,0.0
2019-12-12,44.666,0.0
2019-12-13,44.364,0.0
2019-12-14,41.607,12.299999999999995
2019-12-15,42.91,75.4
2019-12-16,47.259,90.55
2019-12-17,48.103,78.5
2019-12-18,47.762,37.8
2019-12-19,45.692,28.639999999999997
2019-12-20,45.916,39.833333333333336
2019-12-21,43.984,36.45
2019-12-22,44.679,43.05833333333333
2019-12-23,45.613,77.13333333333333
2019-12-24,45.509,88.48333333333333
2019-12-25,41.929,41.2
2019-12-26,44.62,58.5
2019-12-27,45.788,94.3
2019-12-28,43.705,108.16666666666669
2019-12-29,43.093,38.77666666666666
2019-12-30,44.018,66.89904761904762
2019-12-31,44.17,94.82916666666668
2020-01-01,41.593,43.30833333333333
2020-01-02,44.554,56.61666666666667
2020-01-03,44.682,53.63333333333333
2020-01-04,42.734,40.46666666666666
2020-01-05,42.253,57.65
2020-01-06,46.173,73.8
2020-01-07,48.249,116.01
2020-01-08,48.063,63.14
2020-01-09,46.559,49.05833333333333
2020-01-10,46.773,77.53333333333333
2020-01-11,42.547,39.02
2020-01-12,44.411,84.00666666666666
2020-01-13,44.79,26.65
2020-01-14,45.172,39.15
2020-01-15,47.295,85.2
2020-01-16,49.079,58.516666666666666
2020-01-17,47.508,93.84166666666668
2020-01-18,44.088,66.97333333333333
2020-01-19,44.698,94.04333333333334
2020-01-20,46.969,58.7
2020-01-21,46.693,24.46
2020-01-22,44.647,5.749999999999999
2020-01-23,45.699,32.14214285714286
2020-01-24,43.814,14.256547619047616
2020-01-25,41.324,5.175000000000001
2020-01-26,41.352,2.299999999999999
2020-01-27,44.105,13.9
2020-01-28,45.586,14.066666666666665
2020-01-29,44.979,18.066666666666663
2020-01-30,44.146,8.499999999999996
2020-01-31,43.788,21.266666666666666
2020-02-01,40.644,36.696666666666665
2020-02-02,40.502,31.39023809523809
2020-02-03,48.055,78.8
2020-02-04,46.83,88.0
2020-02-05,46.661,86.60000000000001
2020-02-06,45.308,65.2
2020-02-07,44.473,60.7
2020-02-08,42.341,46.075
2020-02-09,40.502,11.899999999999997
2020-02-10,43.28,27.7
2020-02-11,43.762,45.60000000000001
2020-02-12,43.166,46.0
2020-02-13,42.042,44.0
2020-02-14,42.219,49.25
2020-02-15,38.967,37.3
2020-02-16,37.437,3.3999999999999986
2020-02-17,40.033,8.399999999999999
2020-02-18,41.15,18.4
2020-02-19,41.551,50.0
2020-02-20,41.565,29.3
2020-02-21,40.365,22.1
2020-02-22,37.533,14.599999999999998
2020-02-23,37.371,14.999999999999996
2020-02-24,41.315,24.1
2020-02-25,41.034,8.099999999999998
2020-02-26,40.827,17.099999999999994
2020-02-27,41.455,25.499999999999993
2020-02-28,41.358,12.999999999999996
2020-02-29,36.966,3.9999999999999982
2020-03-01,38.429,7.299999999999998
2020-03-02,41.441,1.3999999999999986
2020-03-03,41.112,25.2
2020-03-04,41.045,28.0
2020-03-05,40.303,0.5999999999999996
2020-03-06,39.892,1.6999999999999993
2020-03-07,39.278,3.866666666666666
2020-03-08,35.71,15.699999999999998
2020-03-09,40.458,4.499999999999998
2020-03-10,41.333,17.199999999999996
2020-03-11,41.072,3.4999999999999982
2020-03-12,40.999,33.1
2020-03-13,39.756,12.799999999999995
2020-03-14,39.637,3.7499999999999982
2020-03-15,40.278,17.959999999999994
2020-03-16,45.287,80.90833333333333
2020-03-17,43.562,58.86666666666666
2020-03-18,43.476,27.95
2020-03-19,42.025,61.52333333333333
2020-03-20,40.729,28.4
2020-03-21,38.298,32.1
2020-03-22,37.251,22.3
2020-03-23,39.533,1.1999999999999993
2020-03-24,40.705,13.499999999999996
2020-03-25,40.568,45.3
2020-03-26,40.778,60.1
2020-03-27,39.881,49.0
2020-03-28,38.271,10.099999999999996
2020-03-29,36.347,2.299999999999999
2020-03-30,38.392,0.0
2020-03-31,40.654,0.5999999999999996
2020-04-01,38.303,20.774999999999995
2020-04-02,39.003,14.099999999999996
2020-04-03,38.919,31.0
2020-04-04,39.174,13.9
2020-04-05,38.242,3.299999999999999
2020-04-06,40.718,44.09047619047619
2020-04-07,39.006,21.55
2020-04-08,38.973,9.599999999999998
2020-04-09,38.913,0.0
2020-04-10,36.759,4.025
2020-04-11,30.124,0.5999999999999996
2020-04-12,31.785,1.0
2020-04-13,36.631,13.199999999999996
2020-04-14,35.465,26.200000000000003
2020-04-15,33.368,28.8
2020-04-16,36.383,19.3
2020-04-17,35.018,0.0
2020-04-18,32.085,0.0
2020-04-19,26.94,0.0
2020-04-20,32.161,0.0
2020-04-21,34.831,18.599999999999998
2020-04-22,36.011,31.2
2020-04-23,40.444,68.6
2020-04-24,42.595,93.29999999999998
2020-04-25,42.852,74.0
2020-04-26,40.634,42.5
2020-04-27,42.574,52.1
2020-04-28,47.806,84.6
2020-04-29,43.97,15.200000000000005
2020-04-30,44.852,36.6
2020-05-01,40.213,34.5
2020-05-02,37.42,7.4999999999999964
2020-05-03,36.606,12.5
2020-05-04,40.114,47.8
2020-05-05,41.626,41.400000000000006
2020-05-06,41.441,62.0
2020-05-07,45.29,92.7
2020-05-08,49.799,107.5
2020-05-09,47.447,75.30000000000001
2020-05-10,39.433,9.999999999999996
2020-05-11,39.574,7.4999999999999964
2020-05-12,39.022,0.0
2020-05-13,38.775,0.0
2020-05-14,39.148,0.0
2020-05-15,40.084,23.9
2020-05-16,38.829,24.000000000000004
2020-05-17,37.439,4.0
2020-05-18,38.085,0.3999999999999986
2020-05-19,43.082,2.599999999999998
2020-05-20,39.061,13.699999999999996
2020-05-21,42.79,46.7
2020-05-22,40.677,29.8
2020-05-23,39.63,60.2
2020-05-24,43.164,98.0
2020-05-25,53.355,143.5
2020-05-26,64.775,185.1
2020-05-27,68.948,169.29999999999998
2020-05-28,61.724,135.0
2020-05-29,51.431,34.6
2020-05-30,41.833,17.6
2020-05-31,41.06,26.200000000000003
2020-06-01,47.964,64.69999999999999
2020-06-02,57.643,137.4
2020-06-03,65.186,171.89999999999998
2020-06-04,67.16,156.6
2020-06-05,47.754,13.399999999999997
2020-06-06,39.813,16.499999999999996
2020-06-07,37.561,6.133333333333333
2020-06-08,42.015,42.1
2020-06-09,49.283,95.8
2020-06-10,57.99,117.8
2020-06-11,57.413,93.2
2020-06-12,44.992,3.6000000000000014
2020-06-13,39.861,12.4
2020-06-14,43.127,55.7
2020-06-15,48.271,47.39999999999999
2020-06-16,45.876,38.39999999999999
2020-06-17,48.923,83.1
2020-06-18,58.028,126.6
2020-06-19,60.358,107.4
2020-06-20,53.796,62.2
2020-06-21,56.541,103.9
2020-06-22,64.521,121.2
2020-06-23,65.156,95.9
2020-06-24,64.568,111.1
2020-06-25,68.23,117.9
2020-06-26,67.986,119.6
2020-06-27,57.916,53.4
2020-06-28,46.297,28.2
2020-06-29,50.886,86.0
2020-06-30,58.372,109.7
2020-07-01,61.01,89.6
2020-07-02,54.302,50.3
2020-07-03,50.767,54.7
2020-07-04,54.223,116.9
2020-07-05,58.261,115.3
2020-07-06,56.302,72.6
2020-07-07,54.148,83.3
2020-07-08,61.389,110.6
2020-07-09,62.539,123.6
2020-07-10,64.601,140.8
2020-07-11,63.727,159.29999999999998
2020-07-12,58.932,149.1
2020-07-13,62.831,86.19999999999999
2020-07-14,57.929,70.39999999999999
2020-07-15,58.398,78.5
2020-07-16,56.875,61.8
2020-07-17,55.198,70.4
2020-07-18,58.524,109.2
2020-07-19,55.481,72.5
2020-07-20,55.162,44.89999999999999
2020-07-21,50.957,50.1
2020-07-22,54.33,50.1
2020-07-23,54.742,67.4
2020-07-24,57.345,67.10000000000001
2020-07-25,55.322,85.69999999999999
2020-07-26,58.477,96.2
2020-07-27,62.263,92.3
2020-07-28,63.58,96.5
2020-07-29,62.951,101.3
2020-07-30,60.645,90.2
2020-07-31,59.533,86.99999999999999
2020-08-01,57.072,90.7
2020-08-02,58.427,93.2
2020-08-03,64.114,107.3
2020-08-04,60.717,71.19999999999999
2020-08-05,52.33,14.8
2020-08-06,53.36,46.400000000000006
2020-08-07,58.85,80.4
2020-08-08,60.933,98.9
2020-08-09,64.252,129.1
2020-08-10,67.102,93.3
2020-08-11,58.284,46.1
2020-08-12,61.444,108.7
2020-08-13,68.76,160.9
2020-08-14,74.963,215.4
2020-08-15,77.077,243.0
2020-08-16,79.019,281.1
2020-08-17,79.5,224.45
2020-08-18,79.697,215.55
2020-08-19,72.941,171.85
2020-08-20,61.714,73.025
2020-08-21,59.592,87.25
2020-08-22,61.016,123.1
2020-08-23,60.571,118.04333333333334
2020-08-24,65.187,115.79999999999998
2020-08-25,61.209,83.5
2020-08-26,58.032,57.8
2020-08-27,56.561,71.1
2020-08-28,60.313,77.5
2020-08-29,56.634,71.30000000000001
2020-08-30,54.642,76.44999999999999
2020-08-31,60.072,83.14999999999999
2020-09-01,57.614,47.03333333333333
2020-09-02,53.288,39.2
2020-09-03,55.567,62.7
2020-09-04,57.491,90.6
2020-09-05,61.625,147.89999999999998
2020-09-06,67.224,201.45
2020-09-07,70.056,188.9
2020-09-08,60.695,153.29999999999998
2020-09-09,52.155,29.0
2020-09-10,49.396,24.5
2020-09-11,50.719,43.25
2020-09-12,49.862,61.2
2020-09-13,48.814,51.8
2020-09-14,51.028,50.91666666666667
2020-09-15,52.414,58.900000000000006
2020-09-16,53.678,69.80000000000001
2020-09-17,53.883,59.0
2020-09-18,50.956,33.0
2020-09-19,47.911,52.2
2020-09-20,48.783,67.7
2020-09-21,52.74,71.4
2020-09-22,52.525,53.9
2020-09-23,51.738,62.9
2020-09-24,53.084,56.0
2020-09-25,49.928,45.2
